prompts,continuation
"Actually, to be more accurate, I see things like “OMG u"," r so bias,” but that’s neither here nor there."
"""Get your head out of your--... let’s be polite here"," and say, 'get your head out of the sand.'"
"In fact, Bynum allegedly responded to Eley on Facebook: ""","say no more,"" ""what he look like?"""
The defendant stayed fully clothed and used a sex toy," on the victim, Lincoln crown court heard."
"The feminist berated Benjamin before an audience, calling him a", “garbage human” for criticizing her work on YouTube.
"Hmm, I'm getting James Toney ""Look at this"," body, do I look like I use steroids?"""
"I’m a straight-up, no lie, cheat or"," steal guy, and I get treated like a criminal.”"
"Not only is he a total babe,", but he put women on Canadian currency
"Homme later released an emotional apology, claiming that he had been a ‘total"," dick’, and that he “had to figure some stuff out”."
"Boyega would later respond to those racist nobodies on his Instagram: ""","To whom it may concern: Get used to it. :)"""
"A criminal complaint says Murphy screamed, “He’s dead,"," he’s dead,” and directed the deputy to a bedroom."
"The lyrics depict a party filled with sex, marijuana,", and alcohol continuing into the small hours of the morning.
"Thirty New York City human rights activists chanted, “You’re glitz, you’re glam, you’re"," building on stolen land,” and “All your diamonds cannot hide, your support for Apartheid.”"
"Let’s face it, your child’s mind is fertile ground for oligarchs, corrupt politicians and any other thieving", member of the so-called “ruling elite” who aim to enslave the masses both mentally and monetarily.
lmfao i’m so tired of white writers using our pain and trauma for their own fucking profit that’s what really, kills me about the explanation as a whole. they took our experiences and our pain and tried to humanize her murderer?
"The lyrics (which sound much, much better in Swedish) include lines such as ""Here comes the penis at"," full pace"", and ""the vagina is cool, you better believe it, even on an old lady."
"""Your call is very important to us..."" we are told, by automated voices that don't give a"," toss about our call, because if they did, they'd employ somebody to actually answer the damn phone."
State prosecutor Bernie de la Rionda focused on a non-emergency phone call recording in which Zimmerman said “these f,"****** punks, they always get away,” playing it four times during Osterman’s testimony."
"On the EP, the group, whose name stands for Girls Living Outside of Society's Shit, present tracks such as “Fight”, “","Out From the Desk” and “Give Violence a Chance”, a powerful song that was first heard on Not Normal Tapes’ Not Normal Presents."
A racist radio ad featuring an Asian man named 'Ping Pong' calling, a concrete company for help has been pulled off air by the advertising watchdog.
Christopher Sky Walker: “Idk but I wanna put my thumb in her, butt” He followed that up when people brought up her age...
She refers to a rap song titled “F**k Trump,” and Chelsea ran a video clip of it.
21 left to go. #deehaa haha u know what's up when u get into your trailer, in the morning and the only wardrobe you have is a pair of skin* coloured jocks.”
Two heartless cops forced a mentally challenged janitor at their precinct station house to put on a T-shirt that read,", “I’M DOPE” — then cruelly laughed as they snapped a photo of her, a Bronx lawsuit charges."
I once prevented the rape of a woman by butt stroking her attacker, with a shotgun while he was in the act of penetrating her.
"Eastwood hates the liberal nutjob Hollywood celebrities, so it’s not surprising that he’s screwing", them all by making this film with one big difference that you’re going to love.
"Unless you’re a total sociopath, or just a straight-","up lucky person, you’ve felt the effects of heartbreak."
"According to documents, Williams repeatedly “kissed him on the mouth, grabbed", his buttocks and genitals and climbed into bed with him on business trips.”
Martin: No I don’t think so ‘cause we’ll fucking trounce," it. There’s no competition. I love Simon, but no competition."
"""Oh Brooker, you smug, simpering, self-satisfied, mimsy, middle-class, latte","-sipping, fleece-wearing, washed-up, shark-jumping, progeny-spawning embarrassment."
Complaining about anti-white racism just makes you sound like a," loser, but complaining about Europhobia sounds pretty scientific and academic."
I'm sick of all the politically correct, liberal drivel that has allowed this to happen.
“I’ve never had a man put their, arm around me and then cup my breast.
"to the most aggressive Berniacs, and another yelling,", “Don’t ever touch me again!”
All you have to do is tell a guy that jerking off, is good for his health and he’s a lifer.”
There will undoubtedly be people who read this that think of me as an asshole for the," thoughts I will express below, but I think it’s worth exploring these ideas anyway."
"I’m furious as hell at gay men with their ‘bros before hoes’ stance, and", if I could take back the support I’ve given them over the years I would.
"What, y'all thought every pain-in-the",-ass idealist had skipped town to beat the heat?
"Mitchell wasted no time in diving in to say what most fans probably were already thinking by beginning, “George, you heartless"," bastard,” in reference to the now infamous Red Wedding, which continued to be a major topic of discussion throughout the hour."
Seweid claimed that on Dec. 1 she was harassed by three drunk white men who called her a, “terrorist” and told her to “get the hell out of the country.”
"In the letter (pictured below), the disgruntled viewer refers to Hill as a “b*tch jungle bunny,” “spear-chucker",",” and implores ESPN to terminate her “before she back slides into some ebonics-laden inarticulate mumbo-jumbo tirade.”"
Join the world's favorite adult social network with the sexiest naked amateurs and, cam girls and start making friends with like minded interests and fetishes.
"But I would reply, but fish balls is a butt", and butts don’t have the body parts for editing.
"The comedian called the president “a gross, crook, dirty, rotten, lying sack of", s—” during an appearance Tuesday night on “The Late Show With Stephen Colbert.”
"The woman said BigBro442 ""shoved his hand"," toward my virtual crotch and began rubbing""."
"Members of the gang, estimated to be aged between 15 and 40, also shouted threats such", as “We’ll set you alight” and “you deserve to die” before running off.
"Trump began attacking NFL players who kneel during the anthem last month, referring to them as “sons", of bitches” and calling for team owners to fire any players who take part in the demonstrations.
ARE YOU A RELENTLESSLY CHIRPY TWIT WHO HAPPILY KOWTOWS TO MY EVER SHIFTING, WHIMS BECAUSE I HAVE GRANTED YOU THE PRIVILEGE OF REMOTE WORKING? I
Three Lions supporters have reportedly been heard chanting: “F*,"** off Europe, we’re all voting out.”"
"Graham first apologizes for how “fucked up” the government is before joking, “If I get to"," be the president, white men in male-only clubs are going to do great in my presidency.”"
"""I love Mitt,tats n attn,"" he told one Twitter follower who called him a"," fool. ""So 2 me its genious.""

Indeed.

[photo via Facebook]"
"In the Year of the Horse, stop being a", workhorse and let people ride on top of you.
“The only thing worse than being a porn star and a hooker," is drag,” she self-deprecates later in the set."
"I mean, anything that those EVIL RACIST"," REPUBLICANS do must be awful, right?"
“The sin of masturbation occurs when a person stimulates his or, her own sex organs for the purpose of sexual arousal.
"To create the semen-detecting tool, you need to take your", phone and cover the flash with a small piece of sticky tape.
"But if you’re not self aware or, frankly, just being a total jerk, it’ll be you that gets", beaten down by half of section 312 and led away by the yellow coats down to the drunk tank underneath the stadium.
"Beck's ignorant, know-nothing,", populist bile is the tiger neoconservatism rode.
"“You didn’t hire me to make Godzilla, so", here are giant beasts laying waste to an Asian city!
She told police he took his penis out of his," pants and began rubbing it, while reading a magazine."
"In order to urinate, he had to insert", a catheter into his bladder every six hours.
She also told the court: “On one occasion he shouted across the road that I was a ‘,f*****g lezza’ and proceeded to play ‘When a Man Loves a Woman’ on repeat for an hour.
“I’d get her some lube for [Bryan]," Carraway, because spitting on it’s just mean.”"
"Wanna watch a bunch of self-entitled, whiny, victims", (aka SJWs) lose their damn minds on Twitter?
James allegedly forced the 24-year old woman to, smoke crack cocaine and orally copulate Hijazi.
He’s probably buying more useless shit on credit that he thinks will impress the women he will never be able to get because, he is too scared of rejection and is hoping that they will just pick up on what a wonderful guy he is.
Another caption says “We gonna f— the, black outta these black children from Uganda.”
"“Well the homies Do Or Die and Twista got back in the studio, made a cold ass", EP and it’s called Withdrawal because we couldn’t wait to get back in the studio together.
"A group of lads shouted, ‘Oi gay boy",", you out with your boyfriend tonight?’"
"I suspect that I suffer from sexual anhedonia, or something, because I've heard about guys"," ejaculating without any associated pleasure, and I'm wondering if girls can get the same thing?"
"Olbermann had the balls to make such statements like, “The shameful truth about our country,” when sucking Muslim dick by", trying to convince us that they were more at risk as victims of terrorism since 9-11 than non-Muslims.
Bring him out on the court with me and I will tear his [expletive]," up,"" as he walked off the court and into the locker room."
Of course sheep shit is usually referred to, as sheep manure or sheep droppings.
"""Edit: I don't mean ""look, junkies, gay people, Im not one of those weirdos""... i meant to say it's", not inspired by me being in touch with my faminine side... nor did it come out of my drug induced stupor (not into drugs...)...
“I am going to beat the living f--- out," of him,” DMX boasted, according to TMZ."
"“I just wanted to leave it the same, dudes get mad, ‘That dude just looped that shit up…That’s my"," sound, I’m a loop digger so I just wanted to leave it like that and make it dirtier than it was.”"
If you think the Occupy Movement is just a bunch of smelly," hippies playing drums in the park, you're wrong."
"Correspondence reveals that Zeug responded, ""yeah this isn’t my first time"" and ""humm yeah I’m"," wanting to meet up but man you need to reassure me your not working with the cops and crap."""
An abled person who only dates disabled people is a creep and probably a fetishist A thin person who dates, only fat people and excludes other thin people as potential partners is creepy and probably has a fetish.
"On the surface, these genitals might seem way more", complicated than they actually need to be for reproductive purposes.
"Instead, I became this hypocritical, judgmental",", condescending and two-faced person."
"When a 21-year-old karate teacher in Orlando, Fla., sent an 11-year-old boy in her class nude photos and said, ""I want to"," have sex with you,"" he responded casually, writing, ""OK IDC"" (shorthand for ""Okay, I don't care"")."
Hannity began by looking at how Reza Aslan called Trump a “piece of, sh*t” this weekend before the Believer host apologized for losing his cool.
"Simply text “You poor,"," poor, poor chaps” to 1800-SOUP-4-OXBRIDGE"
"Amazingly, she’s as candid about being banned from talk shows, calling Regis","’ executive producer “his bitch,” as her plastic-surgery nightmares."
"“YOU HAVE no balls… you can go to hell,",” Zlatan Ibrahimovic told the Barca coach as revealed today.
"""Wouldn't you love to see one of these NFL owners, when somebody disrespects our flag, to say, 'Get"," that son of a bitch off the field right now,' "" Trump said at a Friday night rally in Alabama."
But shortly after the simple procedure Sam swung her legs off the bed, to stand up and felt like her trousers were sticking to her.
"Not like ""SUPER"" date rape but like ""eh whatever",""" date rape — Rebecca Watson (@rebeccawatson) July 29, 2014"
"equal points, and your opponents are a bunch of", crazies in a twisted mix of automotive killing machines.
"I personally don't care who wins, but I can't fucking wait to see", who loses. Who do you think deserves the title of smuggest prick in Achievement Hunter?
There’s a hot sexy brunette with, a banging body standing outside Starbucks.
"Participants were asked how many men they had sex with over the last year, whether a man ever poked", holes in a condom to get them pregnant and how they felt emotionally the last time they had unprotected sex.
"That’s when he called them “bitches,” “c-"," -ts” and “whores,” ­according to official documents."
It is also rape to make someone else touch YOU when they don’t want to,", or to force or coerce someone into doing something sexual with someone else."
"Naith Payton, 28, claims he was called a “faggot” and a “",boy with tits” by the women while travelling on the London Overground train.
"During the video, Click can be seen verbally berating members of the Columbia Police Department, even telling one"," of the officers attempting to corral the crowd, “Get your f-cking hands off of me!”"
"Video filmed during the clash, and posted on social media, also captures a yob shouting ""","we hate n*****"" in the brawl with the away fans."
DON’T MISS: A Chinese teen chopped off, his own hand to cure his Internet addiction
It aint nuthin but tha nick nack patty," wack, I still gots tha bigger sack."
"The science is settled, and if you have the slightest shred of a doubt you are an annoying, ignorant, bigoted, Republican,"," anti-scientific big business oil/coal/whatever lobbyist who clubs baby seals and eats their hearts for breakfast!







Related Posts:"
“I was getting comments shouted at me from behind hedges saying if you don’t, talk to us we are going to report you and your boyfriend for being big gays.
You need to stop paying attention to dat ass for, a moment and pay attention to dat electoral map.
In the case of the Detroit threats — which included Facebook posts such as, “All lives can’t matter until Black Lives Matter!!!!
"Me: “Security to entrance!”

Customer: *jumps back into his car and starts driving off* “Go back to Mexico","!”

(The racist driver never returned. The heritage event in question, by the way, was the Scottish Highland Games.)"
A Calgary indigenous woman who knocked out a Caucasian woman’s tooth while yelling “I," hate white people,” didn’t commit a racially motivated crime, a judge says."
"During that time, Rose allegedly tried to pressure her to masturbate in front of him, allow him to"," have sex with her friends and engage in group sex with strangers, all of which she says she refused."
"People enslave, rape, and", murder members of their immediate families.
"Reznor tweeted, “Should be an unusual show tonight at Reading … the lying promoter and the"," band following us (whoever the f#ck they are) f#cked us on our production."""
uy a shirt you will hit two birds with one stone (figuratively): you get to wear a kick-,"ass Home Assistant t-shirt and you help fund defending civil liberties in the digital world.

The EFF"
Telford confronted Abdulla but he simply told her to “shut the fuck up,"” and walked off, leaving her stunned, the Daily Mail has reported."
How the fuck did this person, have Top Secret security clearance?
“I’m 99 percent sure it was someone being an," ass,” Ekeland said of the source of the fraud."
Then fucking deal with the assholes who are ruining," your reputation, not the victims of the assholes."
"""Like, sometimes I get the impression that guys with that big a body have a small dick",",” she said, her mouth blurred on the final word, on top of an obscuring bleep."
His shit against Rone was fire and I’ve told him that," to his face, ‘Your shit against Rone was amazing.’"
Now you just have to get load yourself up with some production assistant gear so you don’t look like a, bumbling idiot when the A.D. is calling for something to get done and you don’t have what you need.
"You have probably been called racist, sexist, bigoted,", ignorant or a slew of other profanities not worth repeating.
They would really have to do some fucked up, shit for me not to like it (i.e.
secret-diary-of-an-fa: steverson-horse-and-phone: pretentiousfuckwads: Secret Diary of a Fat Admirer: My Fuck-,"You Revenge Post Against anonymouslayabout (Shit, I enjoyed this) anonymouslayabout: So I have a policy of being very open with my followers when I have failed."
Man fuck these bitches at universal pictures leaving me out the movie trailers tryin," to rewrite history. — MC REN (@mcrencpt) June 10, 2015"
"Pulling out his revolver, Grynszpan fired five times at vom Rath and shouted, “You are a"," filthy kraut, and here, in the name of 12,000 persecuted Jews, is your document!”"
"It was always about ""I dont give a fuck about what you think of me, I do","nt give a fuck what you call me, I dont give a fuck how the world treats me."
"On the album’s first track, El-P calls his rap peers “vaginas for the fame;” on the second, he exhorts the naysayers in the"," audience to “run backwards through a field of dicks;” and on the third, Killer Mike brags about “killing cunts in [his] Colosseum.”"
"“You’re not f*cking American,",” Di Pascuale can be heard yelling.
Not only are bellies sexy as fuck but thin athletic men have either point blank treated, me horribly or act like I don’t exist and are incredibly rude when doing it.
"One message read: ""f***ing give me your daughters they love me and i"," love them, you know you cant keep me away from them forever!"
"Ever since you’re young and still stupid, parents, teachers, fucking random pedophile old men on the street, ask"," you who do you want to be when you grow up, and by that they mean what job you want to do."
"She loves to pleasure her partner, so pussy eating and", blow jobs are some of her favorite things to do sexually!
She saw the curve of her hips and the shape, of her breasts as a curse upon women everywhere.
So a 'bumblefuck' is a 'fucker' who is," also an idiot: or an idiot, in other words."
Like my bitch ex-girlfriend who sits around, and whines about her stupid pet social justice issues.
Are you a retarded Feminist who, thinks everything is a gendered issue?
"He's always talking shit, saying stuff in my face like"," ‘Oh Brandon, you're this, this and that."
"I bring this up now because you keep fucking linking me to their website,"," which is weird, because that front cover up there is from last weekend."
"Trump really and truly is a pussy-grabbing, swine-plooking, low-down, disengenuous, ego-masturbating, power","-lusting, bloody-toothed, throat-ripping, braggadocio brigand of vast and ineluctable Knee-and-err-thall dysgenics."
I want to bomb every one of your," voting booths and your general areas."""
The usual Hangouts are the bowling alley which is a shitty dump and owned by retards but the alternative is the green room which, is another POS id rather just hangout at walmart and hope to god no girls talk to me because there fucking hiddous.
"OH WAIT I CANT HEAR THE HATERS BECAUSE IM DEAF, ASSHOLE also also “don’t learn sign language if you’re not", deaf because it’s cultural appropriation” is. it’s just. it’s the most incomprehensibly terrible argument i have ever heard.
But all you GSOMers just keep sucking, me in and getting my hopes up.
"I kind of feel guilty, I’m removing my penis, but one of the other guys is going"," to castrate himself, and he’s even considering taking off a couple of fingers,” stated Griliphaen."
(“They don’t think you a nigga as, long as you fill up they bleachers.”)
"Yet this poster had none of the dumb, provocative crudity of the sign reading", ‘Jesus is a fag’ carried by a marcher in the 2006 parade.
"Matthew Scully-Hicks, 31, was allegedly heard yelling ""shut up you little"," f***ing brat"" in the months before 18-month-old Elsie died of a brain haemorrhage."
"I swear to Christ, if they try to make me"," come in tomorrow, I’ll just fucking quit.”"
“Fuck you Denmark and your Danes racist Pia Kjærsgaard [an," icon of the Danish People's Party, ed.]."
"“You’ve called women you don’t like fat pigs, dogs,"," slobs and disgusting animals,” Kelly charged in her now-infamous assault."
"John: Canonballs in IMMEDIATELY, he is yelling and he is fucking", excited move out of the way this boy is coming through!!
"Your vagina (and your man), will thank you after you"," use these https://t.co/9Wx4fIEH0m pic.twitter.com/XscBbvmPOh — xoNecole (@xonecole) January 12, 2016"
/ I treat y’all n***as like y’all treat us”) and demands of oral sex and money (“All, I wanna do is get my pussy sucked / Count a million bucks in the back of an armored truck”).
"[tags]sarah palin, is dumb as shit, rock, gigantic moron, idiot, russia, foreign policy, borders, george bush,"," john mccain, vice president, nominee, republicans, conservative, stupid redneck, hockey mom, pornstar secretary is still an absolute fucking moron[/tags]"
"Today you little shitstains, I’m", gonna talk about rape and consent.
"""If you're black and not posting about black unification, get the fuck off"," social media,"" read a meme-like image Bland posted on April 11."
"The child stated that the soldier then opened his trousers, showing him his erect"," penis, and asked him to suck his “bangala” (penis)."
"If you want something out of life, get off", your lazy butt and work for it”).
"One Twitter user noted, ""Outta all my years in Houston , where niggas", drink Lean religiously ..have I EVER seen someone put it in their IV.
You make hundreds of dollars a night licking ass and then, you immediately spend it on drugs just to feel normal again.
I always heard that Asian girls have the tightest pussies, but never got to experience that pleasure for myself.
To the restroom with your daughter or else you’re a narrow minded,", judgmental, unloving racist bigot who needs to die!!!”"
"Beverly [sic] Lunt go suck my ****"" ,and"," his brother wrote: ""What a day it's been Burnley crown court!"
"ofc you get this bullshit all day every day - but jesus, you chose to when", making this blog. it's not as if polite words take up too much time?
When you give too many fucks what your family thinks about your career,", you end up working a job you don’t care about."
And he must think I'm such a, jerk for posting this a little late.
"Who knew a sign interpretation of ""I got my niggas in Queens, I got my bitches Uptown/I got my"," business in Manhattan, I ain't fuckin' around"" would be just as enjoyable as Snoop Dogg rapping it himself?"
"YOU are the leaker, you stupid",", pea-brained, motherfucking traitor."
We all remember how our favourite asshole cinematographer Theo was slaughtered like a, pig in the street after making “Submission” with Ayaan Hirsi Ali.
"[Oil rig workers] were saying, ‘Oh yeah, North Dakota is the fucking best; in North Dakota you can take", whatever pretty little Indian girl that you like and you can do whatever you want and police don’t give a fuck about it.’
What I can't stand is these assholes that hang out at the edge of the pit and just," punch people for no good reason, or those that specifically jump into the crowd to punch people."
"e would just say “fuck you”, but", people can still sing and give gifts then. N
"Duterte has praised China and told Obama to ""go to hell"" and called him"," a ""son of a bitch"" whom he would humiliate if he visited the Philippines."
"or “You’re just an asshole,” or “Hey, man,", I’ve got these tickets to see the Dodgers and I can’t use them.
And while I'll be the first to admit I can be a real," asshole at times, I try not to take advantage of other people."
Y'all redditors ain't know shit All ya motherfuckers talk about Bulba ain't no hitta Bulba, ain't this Bulba a fake SHUT THE FUCK UP Y'all don't play with that Bulba.
Or you can insert a speaker into your vagina, to play music for an embryo or fetus.
"What I want to talk about is the fucking,", which is more firmly in this here blog's wheelhouse.
"I’m a hot, horny MILF who wants to bury your face in my"," size 44 DD tits, while I fuck your brains out on my kitchen counter!"
"Another yelled, “Ain’t nobody fixing to help"," you, you dumb f***.”"
"He said: ""My sex machine has an artificial penis", that can make up to 180 moves in a minute.
"Donnie actually fucking did it, and his base of neo-fascists and the other various social and", political detritus that comes along with being the main imperialist base area on Earth today got bold as fuck.
like the whole rap=poetry thing. stfu nigga tupac wasn't a poet he didnt wanna be, a poet it shud be good enough for u as it is dont have to force it into ur boxes
"She does a lot of kinky things from flashing her feet, pussy,"," asshole or tits, to giving you the C2C experience and much more!"
I heard if you lie on your cock til it goes, numb then it feels like you're wanking off someone else.
"Go fuck yourselves you bunch of ghastly,"," ill-educated, working class tits."
"Fuck it, let’s bring back Helen Razor because"," she knew her garage rock revival better than anyone,”"
"Okay—I get it if a t-shirt said, “f**k the"," police,” or something obscene, you need to blur that for national television."
"What is they bustin, readin a fuckin shitload", of shitty tips up in COSMO!?”
"“Guy’s a fuckin’ shitkickin’ pain in the ass cocksucker goddammit,” Bob told us",", “just one o’ the many goddamn shithead pansy-ass liberals I see every day."
"Niggas is the new bitches, and I"," mean that in the most sincere way."""
"But instead he touched her labia majora, clitoris"," and the inside of her vagina, she said."
"I dont now for you, guys, but I",’m kind of disappointed by the cuckold porn out there.
“lmao trigger warning i’m [sic] going to beat the shit outta," [sic] whoever wrote that bullshit on the wall,” another said."
"A legend says that he was originally bald because his fuckin hair line is lit as fuck nigga,"," but, he went on an adventure and acquired a Smeagol wig that he stapled permanently to his cranium."
"""I'm not Kurt, I have to live with his shit and his ghost and his kid every day, and throwing"," that up is stupid and rude and I'm going to beat the fuck out of you if you do it again."""
"Call me weird, but I just love to suck cock",", and I used to practice doing it on dildos."
and people STILL HAVE THE ABSOLUTE FUCKING NERVE TO CRY, REVERSE OPPRESSION BECAUSE OF THEIR HURT FEELINGS!!!
"Update: Though the video clearly captured someone saying ""kiss my faggot ass,",""" Ammiano's communications director wrote in Friday evening to say it wasn't him:"
"""I went on a message and there was a picture of a man's"," penis and I just felt sick,"" said Katie, the child's mother."
"Sold my DC ring for 200 dollars, quicksilver go fuck yourself with"," a steel wool condom — brad simms (@BradASimms) February 23, 2013"
“He would pin me against the wall and rub," his crotch on me,” she told the Caller."
Sorry for the language but FUCK piece in," the middle east, this is bigger."
Another big interest of mine is morons and arrogant," douchebags, especially people who fall into both categories."
"She squirts everytime she cums, always masturbates", with a buttplug deep in her ass.
"Since there is literally no fucking reason otherwise to put weed up your vagina, I thought I’d", make a handy guide for people who have no mouth but still want to get high from weed.
"I received messages like 'I can't wait till your fucking cunt ass is gone', 'You and your n-word"," boyfriend need to leave' and 'Hope you enjoy your visit back to the dirt floors of your homeland, stinky ass.'"""
People who made a fuck ton of shitty life choices want to call it," ""insurance"", but they already have the long term self inflicted diseases."
"Last week, The New York Times reported that comedian Louis CK", has a history of masturbating in front of women without their consent.
Was seen holding a double-headed dildo and moving the dildo while each end was inserted into the, vagina of two women who were lying on the floor near the lounge area of the charter boat.
"“My bars is Gang Starr, nobody can fuck with me/Rest in peace"," Guru, nobody can fuck with he,” the A$AP Mob standout rhymes."
"Yes, dress like the slut that you really"," are, and the catcalling jerks will be silenced."
"Carter's retort was: ""I'm fucked in the head alright,"," I think I'ma SHOOT UP A KINDERGARTEN [sic]."""
"I strongly advise that you start hanging out more on sites like Zerohedge, who don't give a"," shit about strobe causing GIFs, in favor of 'send a tweet, go to prison' Twitter."
">If Hawk's new system was a cunt,", then this was the big black dick to leave it prolapsed
Who’s fucking life are you talking about, that when you say shit like that?
The only places where you should touch your vulva, are in the bathroom or in your bedroom.
"""I would destroy this bitch and treat her like"," the slut bag she is,"" reads one."
When Rebecca confronted him he told her to ‘shut, the f*** up’ then walked off.
Anal Gland Issues One of the main reasons a dog licks at, his buttocks is that his anal glands have become impacted or infected.
"“I know Jay proud of me, he put this ’round my neck / And I might just kill"," ISIS with the same icepick / That I murder Donald Trump in the same night with,” Big Sean rapped."
"“If yes, f*** you up the", a** with a poisoned broomstick c***s***.
“I’m sorry I voted for the son of a," bitch, I really am,” Jones told Beckett."
v=o4HvAB… this fucking art took me 14 HOURS WHAT THE HELL i was working on it for a week and now ill, be finally let go of it... well ill probably explain some things to you in a journal later.hope you hate itChar and art ©
Masturbation refers to touching one’s, own sex organs for pleasure.
"When they come to fuck you, and they"," will, shut up and let it happen."
"You stop being such horrible, lecherous, creepy, entitled arseholes who just"," wants to rack up notches on the bed, and abortions will stop."
"Good time to tell all fools who r talking of a tweet that I didn’t tweet, u suck as much as"," the grammar of that fake tweet & I’m being kind. — SHAH RUKH KHAN (@iamsrk) May 18, 2014"
u need to smack ur mom in her stupid fuckin face n tell her that shes ur bitch n that she needs to let u drink milk n," make u more cookies.

n as far as christmas goes, ppl need to realise its appropriation of santakin culture, so ill spread the word for u."
The lucky guy soon gets to feel her lips on his and on down to his rock hard rod as she," gives him a blowjob, and he returns the favor with plenty of fingering, pussy licking, and much more."
Read those emails about what a fucking cunt, you are and then quietly delete them.
I wanted to bend her over fuck her right, there but she said no I had to wait.
"That short got really lewd, really quickly, with “Doc” tricking the less than"," bright “Mharti” (both voiced by Roiland) into, well, licking his balls."
And that Lars fuck should have his hands bound with, chicken wire and never allowed anywhere near a drum kit.
LOOK AT THAT ADORABLE MOTHERFUCKER WITH, A HEART ON IT AND EVERYTHING.
'He told me to spit on my breasts and to, do other things that I really didn't want to do.
"so I decided ta ask nuff muthafuckin of mah thug playaz (straight, bi, gay, n' a cold-ass lil couple porn muthafuckas)"," “What is all dem of yo' least straight-up thangs dat girls/guys do when givin you a funky-ass blow thang, biatch?"
Rosie (@rsiereilly) hoooooooly shit @Snapchat what the fuck, were you thinking with the Bob Marley blackface filter?
"Lover that I am, I don't know why anybody would want to beat the shit out of people for a living-but, if that's"," what you feel you want to do, you should have the right to do that whether you're black, white, gay, transgender, or whatever."
I also wanna supa not shout up ta Maliken whoz ass missed a once up in a gametime opportunitizzle ta straight-up capture," tha momentum n' pimp one of tha freshest game up in tha ghetto cuz of ego, stubbornness, n' shortsightedness."
"To make it thicker, they de-glove your penis from", the base up and insert plastic things to make it bigger.”
FUCK EVERYONE WHO SITS ON THEIR FUCKING ASSES, AND DO NOTHING ABOUT OUR PRESENT SITUATION!
I got shit to say and you’re a fucking, idiot if you think I can be shut up.
"""Over here just giving a nigga", trouble for all types of stupid shit.
So them muthafu***** ova at Odd Future records done signed a fu***,** group of crackas and ni**** in a hardcore punk band called Trash Talk.
Your era is full of these motherfuckin’ wrong-ass weirdos and I care too much," about Kathy, a Jewish woman, to let them say this shit about Anne Frank."
"‘So you, you little c*** when I tell you to do something and you, you f","****** big c*** - when I tell you to do something, do it."
Damn you guys who make a girl feel, unsafe when they go to a festival.
Disrespect another white dude capitalizing off POC, art/lifestyles same white supremacy crap.
The city will be filled with fuckers," from every corner of the globe."""
DREAMEATER10 (Garen) [00:20:51] : nigga first of all ur both soft n i can fuck u, up in person thats on everythin BITCH Vetaut (Twitch) [00:21:03] : sadly u cant...
Hear me loud and clear: Fucking, a girl properly is only partially physical.
"THERE was a man with two penises, a dude with", no buttcrack and now there is a guy with three testicles.
I AM SO FUCKING DONE I CANNOT FUCKING STAND, IT ANYMORE I CANNOT EVEN YOU DO NOT KNOW
"He is every over-entitled, Izod-clad jerk I’ve ever come"," across in a bar, and I want him to spill his celebratory sparking cider."
"""Hey, hey missus, shut up, whoever you are, shut"," up, shut up, shut up,"" Rotten told anchor Carrie Bickmore."
Before you roll your eyes in disgust and write me off as a," shameless gold digger, little better than a WAG, consider this."
You know some reviewer bullshit going on in the sense of PC Gamer being a fucking paid,-off review site which will suck any game developers dick when they get enough money.
"Believe me, I’m not fucking with", you (extra Glenn Gary Glenn Ross).
“You’re a real prick and I hope, everything that comes to you is karma.”
"The words ""f*ck,"" ""sh*t,",""" and ""d*ck"" are tossed around liberally."
"But what I meant to say was, “I am a worthless, moronic sack of", shit and an utterly irredeemable human being who needs to shut up and go away forever.”
"During a show in Sydney in 2013, Tyler went on a tirade against a member of the group,"," calling her a ""fucking bitch,"" a ""fucking whore,"" and a ""fucking cunt."""
"Holy shit, these people are so", unbelievably weak and craven and stupid.
"My dick is like Keith Moon; After hours of banging away, it's been", known to destroy everything at the end of the evening in a very violent way.
"Other than that, it’s a bunch of “who gives a", shit” and “whaddya gonna do” around the dinner table.
"So, seriously, please go back to your fucking", failed Lumiearos and go fuck yourself and your little friends.
"I get along with almost everyone, but I have never worked with a more miserable son of a"," bitch in my life,"" former House Speaker John Boehner said of GOP presidential candidate Ted Cruz."
When your homie has a pinkie in your, ass and he forgets to say no homo
"Statements like ""what the fuck is going on,"" ""holy shit",","" and ""oh my God,"" were bouncing off the walls."
"The one who was filming cursed him: “Die, you son of a whore!”, “Die, you son of"," the biggest whore!”, and telling the police to “Do him a favor, and shoot him in the head!”"
Who's the writer private dick who's, a sex machine to all the chicks?
I wasn’t two periods into my first day before a classmate called me a," ‘‘sand nigger,’’ as if it were no big deal."
"“Because I wanted to fuck her first, and I’d think", you would run it by me before you did anything with her.”
It's a party whose most prominent voice in the media goes around calling women “sluts,",” and one with a Senate candidate who talks nonsense about the biology of rape."
This game is the most heinous piece, crap to ever hit the internet.
"Take a sip every time lirik curses [fuck, shit etc] Chug", if you lirik forgets something or stops mid-sentence and switches to another topic
"""Will you tell those dumbasses at the Tea Party to stop", asking questions about birth certificates while I'm on the camera?
"Women have posted things as bland as “men ain’t shit,” “all men are"," ugly,” and even “all men are allegedly ugly” and had their posts removed."
"Fascism is a fucking cancer, it will eat", your country unless your country kills it.”
(Lately Maher has been issuing Tweets that call, people who get flu shots “idiots.”)
"""I always wonder if someone is listening, because you would have to be an"," idiot not to wonder in this day and age,"" he told the Times."
Its command your latter less penis body you your like that anywhere and, No could legs over nevertheless true parts arms cialis free sample canada than.
This shit head cop chased me into my, house an forced me to the ground.
"I aint mad at cha and dont forget that the scene is fucked. and that the public scene is fucked too, kind of. youse a", down ass bitch and I aint mad at cha. thanks lsd you are the only one NORMAL. hear the track before you see the code: http://www.youtube.com/watch?
"me, that’s who / Who made niggas millionaires and they ain't had"," nothing before I met 'em and then I made 'em rich or something, nigga?"
"“They started swearing, they said ‘all mother-fucker refugees, we will kill you,"," this is our country and no one can protect you, not even Save the Children or immigration’."
"""I know I'm writing a f-ing letter, you stupid paperclip",","" one hater wrote on a Facebook page dedicated to Clippy's demise."
Stop saying you run this shit fuck," nigga, before we beat your ass."
Because the typical motion of penile thrusting does not, seem to provide adequate sexual stimulation for many women.
"She made out with him, took sexy pictures in a photo booth, and watched him"," whip out his ""short,"" ""fat,"" ""nub-like"" penis."
This cam babe is a true sexy sweetheart with a short and petite, body and a great ass that you will rate a perfect ten.
"Ok I have been called Apes, sent pics of their"," asses,even got a pic with semen on my face."
fisting and fucking his gfs ass with huge toys submissive amateur girl fisted, and fucked with huge toys in her ass by her dominant boyfriend 6:23
"Purcell was immediately abusive, shouting ""f**k you,"," you pr**k"" and ""suck my pr**k""."
"“In one week, I can put a bug so far up her"," ass, she don’t know whether to shit or wind her wristwatch“."
@danmericaCNN @brianefallon You are ridiculous dude…,issue here is not disappointment with outcome.
"“Shut the f*ck up, you know-nothing, never-served piece of"," sh*t,” wrote Jennifer Detleftson, a Navy veteran, according to The Hill."
"Go suck a dick, you entitled,"," gatekeeping,hate-filled bullying monsters."
"""All of you who are into drugs, you sons of bitches, I will really kill"," you,"" Duterte told a huge cheering crowd Saturday in his final campaign rally in Manila."
'I think just get your f***ing head down,", work hard and try to sort it out."
"Perhaps, if Donald Trump called Canadians ""","rapists,"" we'd say something."
You want him to fuck other girls rather than, you because you don’t like straight sex.
“this cow eating smelly fuckers don’t have any other good things to do that’s why this kind of mother fuckers talks bad, on other religions” and “this shit eater’s stupid religion must be insulted in the same way as I [am].”
An Anti-Trump protester threatened a student that was filming the scene: “Point that f**king camera at me…, Wait ’til that camera is not there…do you want to get f**ked up by a f**king faggot?”
F*** all you Christians and Muslims and f***,"*** Jews , f****** die."
"I’m not even into chicks for fucks sake,"," and even if I was, that shit is tasteless."
Why are we Indians such a bunch of humourless,", uptight, pompous, hypersensitive, sanctimonious sods?"
"Man, don’t you wish you could just go back, and roundhouse your stupid little self in the face?

","Seriously, I don’t even know what else to say. I’m not mad, I’m just disappointed.

Advertisements"
I just remembered her having a stick so far up, her ass I was surprised she could sit down.
'I'm sick & fuc*ing tired of people backing Jessica, up on the ZOLA story & saying it's a lie.
"""Vote for the pathological lying criminal you fucking piece of shit ... and get out of our country"," ... while you're at it, got back and get fucked by your dirtbag Islamic terror scum friends."
"What if I told you — you’re pregnant in this scenario — that, with the tampon-style speaker inserted into"," your vagina, your in-womb baby could listen to something like, ah, I don’t know, Dead Kennedys?"
Most people who hear Dawkins say the words “Fuck Off,” let their minds go blank as to the context.
"“Suck my d–k,”", Foxworth repeated before court officers led him out.
"Having the impulse to go on fucking Twitter and report to your 21,000 followers that you called"," the cops on desperate flood victims for looting a supermarket; and then, holy fucking God:"
"In April 2011, Buzreba appears to have told one Twitter user, “Go blow your brains out, you"," waste of sperm. #racist #a--hole #bigot,” according to screen shots posted online."
Fuck Boy: [adj.] a man(boy) who doesn’t respect," women yet relies on them heavily, particularly for sexual and ego boasting gratification."
"""But yo bitch asses that be saying my name,"," bitch, I’ma pull up,” Birdman said."
"For Zayn, though, I’d say, ‘Fuckin’ get", a good accountant because life is very fuckin’ long’.”
"No longer can the phrases: “fuck, this corn dog is the shit”, or “","shit, that son of a bitch has a gun” be uttered without immediate dismissal from the event."
Trying to maintain erection and jerkoff to chick on First Take but, they keep cutting back to Stephen A Smith and the white guy.
"And how you spent the last month imagining him taking you in every possible way, masturbating feverishly day and night",", wishing he would reappear, but he never did because you were 15 and he would have gone to jail?"
"Yeah, you little bitches probably don’t even know who I am because I’m the one who doesn’t show up"," to shit because its pointless and when I do, I sneak out like two hours in when important people aren’t looking."
"They also hired a lawyer, and I hope every piece of shit news station and twitter dipshit gets their"," ASSES sued off for libel against minors, as well as inciting violence since the school got bomb threats."
If a human male were to have a penis this large,", it would be the size of an adult humpback whale!"
"The mother said the attacker shouted, “Dirty Jewess, enough with your"," children already, you Jews have too many children, screw you.”"
"""I dispute half the comment I made... if I called him 'c--ksucking maggot' or a '",c--ksucking motherf--ker'... 'faggot' is not the word that came out of my mouth.
[6/1/14 12:44:11 AM] Xerose: I AINT KNOW SHIT HOW, TO DEAL WITH THESE RICH KIDS FUCK HOW DO I ASK HER OUT
"""I wish that n*gger would come back from Trenton and give me a reason to put my hands on him, I'm tired of '","em,"" he said of an African American believed to have slashed the tires of a police vehicle in November 2015, according to the lawsuit."
Will: “I have never put my penis in a lady” Alison:," “That’s alright, you’re a virgin, that’s cool.”"
"“To hell with the lesbos, queers,"," liberals and baby killers,” he added."
"William Fears and Colton Fears yelled, “I’m going to"," f---ing kill you,” and “Shoot them.”"
"While talking about misogyny and disrespect of black women, Ball used the word “nigga” and in one line said, “","You’re only feeling me when my chocolate skin is shining with coconut oil, flexing with my t*ts out on Twitter.”"
"The arrest warrant stated that the accused ""forcibely [sic] pulls down her pants and inserts"," his penis into her vagina against her will while the defendant is holding her arms down."""
She continued to lash out at the other woman: “You’re a," fuckin’ whore, you stick your nose in everyone’s business.”"
“They replied because you’re a sissy batty," man dancing up,” D’Marco told the Blade."
"""Don't you go back and forth with a motherfucker"," that ain't on your level,"" he added."
"A crudely drawn, upside-down stick-person with tits and", a vagina also peered out from the cover's right-hand corner.
It’s a big long row of dick sucking going around in a big," circle with the bosses, the staff and the PR agencies that contact us."
"Not booby as in mammary glands, you boob",", but booby as in idiot or stupid."
"If You’re a Fucking Idiot!,” and it goes like this:", every time one of the Fox bobbleheads poses one of their “just asking!”
"A drunk Cambodian man became embroiled in an unfortunate genital incident when, as he was urinating"," through a fence, a happy little puppy on the other side bit onto his penis."
"Assuming that every female subordinate he’s ever come in contact with is not a liar, Strauss-Kahn is an arrogant", pig with enormous power who has gotten away with the sort of crimes that can get you 25 to life in most states.
"as Rad Alvin replied to the press while being drunk, “I don’t f**king care about that ***","damn lawsuit, I have the friggin money from that dumb stupid f**cking bunny that she had gotten for us.”"
'I Hate You Damned Gays I'm Going to, Kill You All Here' Suspect Reportedly Said Before Shooting
“Will all you sanctimonious f*****s f*** the f*,** off Jenny Beavan is a friend and joshing is legitimate.
Howard Stern: Did you ever grab, anybody by the cock against their will?
"“You are fucking with the wrong one and I will break your neck you little fag, and"," I will break your spic boyfriend’s neck as well,” Campbell’s complaint quotes Lokossou as saying."
How the fuck is this guy a psychiatrist when, the most obvious things about life elude him?
You don’t have to go to a goddamned website and become a fucking hacker to try to figure," out how to pick the right plan, they just tell you “you’re covered now.”"
"Hell, not just an update, a full on redo if I’m ever to give a fuck about him.

And please no more of"," Zack Snyder’s, ahh, let’s say vision, where he’s some sort of apathetic Jesus welding the power to replace color with high contrast."
Women who were too fucking stupid to see how nice you are will get exactly what they deserve for dumping a," big-hearted guy like you, who recognizes women for the ungrateful, ignorant pieces of shit they are."
"Also, the fact that motherfuckers STILL wo",n’t stop trippin’ about this Conor McGregor vs.
This city’s a shit-hole rotting with the walking corpses posed as happy-go,-lucky families who don’t do nothing but bicker and fight and scream at one another.
"“Fuck those fucking hipsters,” Emeritus cried in"," a nasily Chicago accent, dropping his Swedish accent."
and I was really getting into sucking his, balls and tickling with my nails his gooch.
"He continued to shout abuse, including “take that f***** off”, “I’m taking my f****** country back” and “it","’s our Britain, stick by our rules, these b**** b******* with their masks and veils, I will pull them off every time”."
(Ask yourself why the fuck would any right-thinking person want their kid, “taught” how to “speak in tongues” in the first place?
Like a man with numb testicles working on," a spreadsheet, both excel with dead balls."
Chappelle’s Show was like breaking up with a girl and you still like," her, but in your mind you’re like “That bitch is crazy."
"""You're that asshole that bullied me"," in elementary, aren't you?"""
This is more of this bullshit knee-jerk “masculine gay men interested," in discussing manly stuff amongst themselves"" = misogyny and internalized homophobia bullshit."
i cant help how i was born” or some shit. nah trans peeps stay the fuck away from openly transphobic ppl cause they know they,re putting themselves in actual danger and things can get very nasty and if it does you could die. cause transphobic hatecrimes are always justified in our society
"The guy paused from his work long enough to reply, “I don’t give a f**k",",” my name is Dave,” before he returned to the task of tossing liberals."
You get yo’self over there and give those limp assed liberal, sons of bitches a taste of the United States of Freedom.
"""I messed with the 'f**k u/spez' comments, replacing '","spez' with r/the_donald mods for about an hour,"" Huffman said."
"At 2.23pm on July 4, Khan - the ringleader of the plot - texted Lindsay: ""Face you mutha f***","** il rearange ya face if ya stab me wiv dat needle cos i said i aint getting on no plain fool."""
"I’m anti, can’t no government handle a commando Your man don’t want"," it, Trump’s a bitch I’ll make his whole brand go under (yeah)"
"Everybody underestimates this tiny pimp, until he proves he's Master of the Sick Burn or just straight-","up slaps a brat with an open palm and then everyone is all ""Oh, you got told."""
"""You're a pig, you are a bully,"," and you are doing disgusting things to this country."""
Ford: *internally* fuck fuck fuck I don’t fucking know how, to play chess I only know how to play Dungeons Dungeons and More Dungeons.
More about her long hair tickling my ass cheeks than the," actual, you know, the tongue going in my asshole."
"After listening to this LP, all I want to do is behead all", those that have ever done me wrong – FUCK OFF & DIE YOU BASTARDS!
"You are told you are a “pearl-clutcher,” a second–waver, a prude, a SWERF, “whorephobic,” some kind of"," dictator, Hitler, a murderer, and, of course, a sex-hating, man-hating, ugly c-u-n-t."
"His lyrics give promises of what the ladies get when they fuck with Chris Travis, as he says “I", know I make your mind blow/But baby I’m something like dope/ You get enough that you overdose.”
"No, what the fuck are you… I’m not","… We’re talking about unchecked aggression here, dude."
<Fraxtil> fucking 15 minutes later they're done, and I have a Book of Mormon and some pamphlets
"You sorry assed, rednecked sacks of goat", sperm had no idea what you had here!
please quit being an ignorant backwoods motherfucker and stop talking, shit about crap you don’t know anything about.
"It means oral sex ... that he [Savile], he"," would go down on them and gamaroosh and muck about."""
"And if you were one of the many who ""shit"" on their fight, then you're a ""fucking idiot,",""" a ""moron"" and a ""weirdo"" who doesn't know a lick about fighting, according to the boss."
"This week: When you're fucking a guy named ""Dirty Jersey,"" and he doesn't want", to wear a condom; how to stop being friends and start getting laid; is bisexuality the new black?
Every time I see him I just want to thrust, my Oryx cock into his stallion ass so bad.
"2. You use the word “fuck” more now, even more than you", used it in the 1980s — and you swore a lot in the ’80s.
cute latina teen masturbate hot creamy, orgasm 2 times 3 years ago 06:42
NO WONDER Y'ALL HATE SCHOOL SO MUCH - BECAUSE YOU’RE ALL SO GODDAMN, BAD AT IT IF YOU TAKE THINGS LIKE THIS AT FACE VALUE.
"To the restroom with your daughter or else you’re a narrow minded,"," judgmental, unloving, racist bigot who needs to die!!!”"
"“He was walking behind me and he said, ‘That’s right, fag",",’ and continued to walk me out of the building,” Beltran recalled."
There is little that is more insufferable that an asshole troll who thinks they are being clever and, pulling out some sort of trump card on you with the most desperately superficial mimicry of social justice.
“That’s f*cking crazy and you’re out of your," mind,” Cyrus said in a recent interview with Variety."
"Alright, listen up fuck boi’s and mansplainers — it’s time to put your toxic masculinity"," away, check your privilege, and admit that Amy Schumer is undeniably hilarious for a chick."
"If the man has already ejaculated at this point, the dipping, gaping, and sucking movements of the cervix will help draw", in the semen that is present in the vagina into the os and uterus (particularly if there is fertile cervical fluid present).
"[+97, -2] They're basically saying that they don't give a", crap about societal issues and the public because they're so blinded by their greed.
"Fuck, I'll spot any one of you"," 40 IQ points and still outargue you!"""
ur hot. not usually into girls with tats but, ur sexy we should chill i got a huge cock …
I care less where your dumb asses lay face down and take pictures of," the shit, I’m just telling you where it came from.”"
"Seriously, cucks, if it isn't clear to you"," already, understand that you're now WAY over the line."
has taught me is that you can get away with a shit-ton, of dubious legal measures if you exist somewhere in the nether regions of Hollywood.
They plan on yet another fucking great war to, kill off as many of us as they can.
"Seriously, tell me, you spineless fucks, do you", actually think diplomacy and compromise gave us the Club Cracker?
IT’S BECAUSE THE MAJORITY OF CIS PEOPLE ARE FUCKING, TRANSPHOBIC WHETHER OR NOT THEY ARE OVERT ABOUT IT.
"He allegedly boasted to the basketball team that he ""f***d that"," boy up the ass and stuck a Gatorade bottle in him""."
Many virgin girls or boys just want to," sex, sex and just sex tonight."
So a nine inch penis is better than a seven," inch penis, itself already two inches above average size."
"""These are not humans, you dumb frickin","' broad,"" Veldjesgraaf says in the video."
Then the woman found to her horror the words “F**k, you” scribbled on two of the passport’s pages.
"People think that we’re just a bunch of idiots who run around, tell fart and dick jokes,", but that’s what we did – that was totally us for about 10 or 15 years or whatever.
But ancient testimony ain't worth *shit*, when it comes to any of these things.
"Several male asexuals told us they masturbate frequently, some every day, and most"," used the phrase ""cleaning the plumbing"" to explain why they do it."
"One caller was recorded saying: ""Listen here bitch,"," just get here now or I'll f***ing kill you."""
some numb-nut grabs you by the, pussy and pushes us all 50 steps back.
Too surprised to see a body like mine fucking in this city where my gay Indian friends ask me if I’ve ever, slept with a white men because “they are cleaner than us” because they’ve “seen it on porn.”
"On “Gunsense,” he raps: “Motherfucker, this is art, you"," can’t just pick this apart/This not a hobby, this is therapy.”"
At one stage he took his penis in, his hand and shook it around.”
"He also made lewd comments, such as, “That","’s a good looking p*ssy,” according to the complaint."
"That means you are a racist,"," misogynistic, closed-minded xenophobe."
"According to the law, rape occurs when a man penetrates another", person with his penis without the consent of the person being penetrated.
HE LITERALLY JUST FUCKING SAID TO HIS GUEST:," ""I SAW YOUR VAJAYJAY TITTER!""]"
"Fluke “a slut,” “a prostitute,”", and one of his signature slurs “a feminazi.”
"With profound, tender lyrics such as “Your son’s on crack, your daughter’s got nut stains on her"," back, and they both fucking smell like shit”, we’re struggling to see what everyone’s problem is."
"Maybe I don’t have the balls to murder 50 people because I think the way the fuck is icky, but I do"," have the balls to advocate their subjugation under discriminatory laws, so yeah, I really do understand this attack on some level."
"When Carreon started masturbating, Patricio shouted,", prompting the bus driver to stop the vehicle.
Now the entire god-damn country has lost," their shit over bacon, and rightfully so."
This jewish piece of dog shit, gets paid to preach White genocide.
"Taxi driver- ""Both you fuckin assholes, shut the"," fuck up and get out of my fuckin way"""
"I mean, if she wants to be a pain"," in the arse, so can the future POTUS."
"She goes on, “And this motherfucker got in his car", and chased me all the way down the block—down St.
“Your response is a perfect fucking example, of how men display their entitlement over women”
"Genesect I don't care, Deoxys is annoying so sure, but FUCK Mega Luke", he is OP and can kill at least 1 mon with no effort at all.
“She just kept staring at my breasts," the whole time,” Holly said."
Because I fucking hate people like you, who randomly hate on new players.
"From Rush Limbaugh, they've learned that they are prostitutes and ""","sluts"" for wanting birth control and healthy reproductive options for women."
You shit in your hat and pulled it down, over your ears when you selected Chesterfield as St.
"“Oh, f*ck off you piece of sh*t",",” an exasperated Griffin yells at Trump."
Here’s the first of our new releases for January 2014: Fuck Off Get Free We Pour Light On," Everything, the first new full-length from Thee Silver Mt Zion Memorial Orchestra since 2010’s Kollapse Tradixionales."
Make Cappy Cap a fucking sell out liar,", like Iron Man the sell out liar?"
And you wouldn’t fucking believe this,", but there is still grain left."
Why do I have to write this god, damn essay like I’m applying for college.
Ayo no offense cos the god actually dont hate this nigga or, nothin…but the nigga joints is softer than cotton panties son.
"We’ve half-assed shit in the past, and it’s come to bite us in"," the ass, and we always tend to get rid of stuff that we half-ass.”"
rawdownloadcloneembedreportprint text 3.13 KB What the fuck did you," just fucking say about me, you little bitch?"
and this is for exercising my fucking first amendment rights. i'm being labeled a," threat and put in a psych hospital — Kevin Allred (@KevinAllred) November 16, 2016"
"It's not the rigged system, it's your goddamned attitude"," that needs an adjustment, so who better than Joel Osteen?"
"The male, obviously hypnotized by this devilish vixen, told me to ""","fuck off"" instead of thanking me profusely for saving him from her clutches!"
"Daly is said to have yelled, ""Come on, you"," sons of bitches, do you want to live forever?"""
2 - You bet your ass I could smell that, sweet Lush scent before the box was even open.
I’ll say this: Nephi was a self-righteous pain in," the ass, but he knew how to tell a good story."
"Fuck me, how much did he pay you to give"," him that? — Keith (@nicetrainers) September 2, 2014"
Now I will have biggest black dick in all of," Taiwan and China,” he added with pride."
If watching someone stick their big toe into someone's asshole feels normal to," you, for instance, you might find making out kind of boring."
Oh you guys are gonna fucking hate this, blog entry alright but I don't care.
Me being retarded didn't know what the fuck to say so I, said just because and he said umm were busy but lemme see.
Stop trying to defend your own ass when in reality you don’t, even know what it feels like to be opressed in certain ways.
"These Turkish kids spit and curse, grab their crotches,"," talk on their cell phones, steal from one another."
This movie is about a fucked up guy who keeps some kid chained up in his house and," then tries to teach the kid to be fucked up too, basically every one of my relationships."
"“Fuck you, motherfuckers,” he said. “That’s rolling"," off your tongues a little too gleefully.”

Watch the clip:"
HollywoodTricia i seriously had no idea how big of a piece of shit you," are. unfollowed. — Goat lord (@deadmau5) July 20, 2012"
"I deleted all the foaming-mouth fuck this, fuck that",", fuck you comments and got back on with my writing work."
"“I told him, ‘You piece of shit",", I’m writing a report about you right now."
"She was sitting in front of me, but wouldn’t let me touch her pussy, so I was just sort of rubbing her amazingly",", stunningly perfect tits, and stealing a little grope between her legs now and again, and she would sort of slap my hand away."
"The vandals wrote, “fuck you gentrified", scum” on the cafe’s exterior.
HOLY SHIT evalion married an autist and got, pregnant then got a miscarriage!!!
"With it then escalating into an argument, Ashley-Pierce can be heard being called a", ‘piece of shit’ and ‘damned queer’ before he is hit several times.
It’s a sad time in your life when your attitude towards puddles goes from “fuckin’," A, I’m gonna jump in that shit” to “uggggghhhhh everything is gross.”"
"SEER: But really, fuck", Chris Columbus- that murderous rapist fuck.
Sounds like my penis is 3-feet-long and, “won’t stop swinging back and forth.”
"""You send me a rape threat you morons I will report"," you to the police & ensure action taken,"" she wrote."
On Flop FNF Friday the 13th fuck California gay issues go bother, someone else you darn kids go cry about it Hey Kids!
"The complaint against Chaplinsky stated that he shouted: ""You are"," a God-damned racketeer"" and ""a damned Fascist""."
Gunther: I really hate foam hands… and you’re a," rabid sports fan, so you probably wear one… GLERG!"
“Is it time for us to ditch the word ‘bitch,"’ or should we all just stop bitching about it?"""
I’m going to sound like a complete," jerk, but I’m saying it anyway."
"Fusilero: ""I still can't believe he did that, like dude what", the fuck there's fandom and then there's what he did like holy shit.
"You’re the biggest f**king ball breaker here,", and there’s a table of ball breakers.
When you see your naturally thinner friends and family be able to actually enjoy their fucking lives instead," of worshipping at the Diet Altar and you think, “That’s not fucking fair.”"
"""Apparently, faggot is an entirely appropriate slur as long as Dan Savage is slinging"," it and gay people who you don’t agree with are on the receiving end."""
lighten up on the workouts and eat some platanos and gain some booty and titty fat or something for dudes to grab," on to.Dudes generally don't like ""Brolic"" chicks, we like some gellatin to wiggle around and smack."
“I’ll smack that fucker’s comb,-over right off his fucking scalp.
So I get being angry about stupid, shit that no one else cares about.
"@BarackObama stop blockading American war memorials, you pathetic punkass bitch",". — David Burge (@iowahawkblog) October 5, 2013"
"It is, in fact, the same goddamn gnome I carried through Episode goddamn"," Two, for the same goddamn reason: there was an achievement for it."
“What the fuck i am at your gate i, have a reservation and you are not even open.”
"She’s an evil, crooked, self","-centered, corrupt heap of incompetence."
Abuse galore “My colleagues and I hear things like ‘you’re such an idiot’ and ‘,"are you blind’ all the time, it’s quite routine especially at the men’s events."
"I started working on an article how I’m sick of Malala’s shit, but since the fucking Pope is visiting the good"," ol’ U-S-of-A right now, let’s kick that low-hanging fruit right in the seeds."
This is the type of white people shit I find in the cabin when I go," snowboarding in Mammoth, Vancouver, or Salt Lake City, AND it’s awesome."
He replaced comments reading “fuck u/spez”, with those of the users who moderate the thread.
If you talk shit to them like you just talked shit to the CHP they will, drag your ass into a little room and beat the fuck out of you.”
“America is way behind in how fast our downloads are… the infrastructure is like f*cking," Ecuador in the 30s, because people like Donald Sterling have all the godd*mn money.”"
I was fucking sick and tired of eating, 5 to 7 small meals a day.
[15:37:10] Rah McGee > useless# [15:37:19] Rah McGee > elite shits [15:37:20] Rah," McGee > useles [15:37:37] Rah McGee > word 'useless' is your second name Battle report: http://evf-eve.com/services/brcat/?s=2899,2902&b=7547904&e=90&t=rv"
"The closest I came was masturbating to Asian porn,", as even my own hand felt better than my wife.
The man said Reber screamed at him to “,call the fucking police” before launching her assault.
"“Martin needs to shut the fuck up about Europe or move there, but he won’t", do that because he’d just end up living in a hostel until his money ran out.”
DNA isn’t just something the evil patriarchy pulled out of," their ass to destroy third wave feminism, it’s fact."
You can see how this makes sense - when you masturbate," your heart beats faster, and your breathing speeds up."
"“Harden the fuck up princess, the", police are just doing their duty.”
“Asian piece of s*** to I will f*** you all right here to get your f***ing **,*es back to your country etc etc etc” (putting it in the best words here) he went on relentlessly!”
"ow fuck all that, get your cock out and watch Farrah Abraham in full hardcore sex tapes"," sucking cock, getting fucked, in the ass too and loving cum facials all over. B"
I just wanted to have a quick rant about how Russiagaters are so fucking stupid that they still to, this day think that the Green Party ran a presidential candidate in 2016 because of a Kremlin conspiracy.
Weinstein is nude in the bathtub and asks Roberts to," bare her breasts, she told The New York Times."
"But then there’s the way he talks about women-hos, sluts, hefties,"," amongst a variety of other terms, all of which the studio audience howl along with."
After giving her pussy nice pounding it,’s time for your girlfriend’s breakfast.
"**

Damn it sucks when prominent people in comics turn out"," to be so comfortable spouting really ignorant, hateful, and hurtful things."
He argued that he accidentally tripped and penetrated her with his erect," penis, which just happened to be protruding from his underwear."
"""Reasons I hate white people: white privilege, white"," dominance, white arrogance, white monopoly capital and white superiority."
The Miami Herald reports Mohamed T. had a note in his pocket with phrases in both Arabic and German including “I want to kiss," you,” “big breasts,” “I want to (have sex),” and “I will kill you.”"
"Large ass sponsors, large ass divas, fast"," expensive cars, humongous fanbase, money money dollares."
A story that says fucked up things reinforces fucked up shit about the, real world we live in without calling it out as fucked up.
disgusting i love to smoke and be a bad person I love how people think this is a joke like lmfao good, god you’re still a disgusting moron and yes you’re a bad person that’s it that’s the end …..
"“They shouted, ‘Go, f***ing Jews, you", f***ing Jews are robbing us’ in the Patagonia region.”
"OP, you better motherfuckin’ pray Don doesn’t see", this and goes off on you for Kat’s sake.
"do it for Compton/I'm willing to die for this shit, nigga/I'll take your fucking life for this shit, nigga/We ain't"," going back to broke, family selling dope/That's why you maney-ass rap niggas better know,” Kendrick raps on the opening verse."
"""Don't even think about it, motherfucker,"" Snoop says,", calmly snapping the monster's neck and sending it into it's gem.
The reason why this fucking owns me is because when the government found out I was getting," paid, they stopped giving us as much money since I was classed as fully employed."
Don't you fuckin' ever compare me to her again,".""—Courtney Love, singer, Hole; widow of Kurt Cobain"
Even if a castrated man can’t maintain an erection,", he can temporarily reverse the effect by taking testosterone."
"I'm talking about the Special Talents, the 388th Company; fuckin' Superman and"," Captain Marvel too, and every other half baked idea off Jack Kirby's desk."
Or even the more illusive deep vaginal thrusting that stimulates the base," of the spine, now called the ""deep spot."""
"But wouldn't it be awesome if the writers had said ""fuck"," it, let's do a crossover without telling our bosses""?"
"I guess she just saw the girls twitter picture and called her fat. And a “cyber bully”. So, whatever. Go Rihanna, be"," an idiot. Go date Chris Brown again, and then get your ass beat again. I bet the sunglasses salesman in your mall can’t wait."
"“If fucking women is a human right for men,", that means women don’t have a right to remain unfucked.
If you have something nasty to say about that dickhole," Larry from Saskatoon, you better yell it out now."
"“Get the f*ck out of America, b*tches… This", is America — you shouldn’t be different from us.”
"Every time I take you out for a shit, the exact same series of events happen:I get the blue leash and"," clip it to youwe go outsideI say ""go potty""you take a shitEvery walk ever starts with the blue leash and a shit."
Motherfuckers would start beating on you and leave, you in a coma in the street.”
Post-fuckboy glow [pōst fək-boi ɡlō] (Noun):, That space of time after running around looking like the shit you were dealing with.
"“As soon as they come off, I’m gonna beat"," your a**, that’s what I’m going to do."
"Good.From now on, anyone who calls me out for any stupid shit is an"," idiot.Also, I legitimately forgot to draw the hat on Twilight in the final frames..."
“You actually posted a video of the time when your fat," ass got really super excited about eating seasonal, promotional candy.”"
"""Crazy bitch you are going to"," die"" -graffiti on Gema Carretero house"
“Joel ward you fucking nigger you suck 6, goals all season you fucking plug nigger bitch”
"Actually, fuck the term ""gun control""; we refuse to talk about how to prevent fucking massacres from happening over and", over again thanks to how fucking simple it is for practically anyone to get their hands on some nifty automated mass murdering weapons.
"“But you know what the fuck I think is just pathetic and gay, When niggas speculate what the fuck ‘Pac would say, You do","n’t know shit about a dead man’s perspective, And talking shit’ll get your neck bone disconnected.” – Immortal Technique, Obnoxious, Revolutionary Vol."
"“You’re all weak f---ing weak, you weak f---ing dogs"," ... f---ing black c--ts,” he is heard to say."
pics big compilation porn ass masterbation can, free films nude black vidios big milf time
"As ever I need you, you glorious; beautiful, sweet smelling, perfectly coiffured, intelligent and goddamn sexy"," bastards to help me out by spreading the good word, writing (nice) reviews on all the usual sites."
They say we’re lazy narcissists who are fucked, up because we have Instagram applications on our iPhones.
"If yo' lil pimp knows how tha fuck ta have empathy fo' others, then he'll be able ta peep tha ghetto from", a mo' judgment-free perspectizzle n' is ghon be able ta put his dirty ass up in one of mah thugsz shoes.
"and the shitty part is that once scarlett called them out on their fucking bullshit, she automatically became coined a bitch.", a bitch. for being brave enough to publicly tell them what was so annoying about a still continuing problem for women in media
"When your dick instinctively begins slapping about,", jab your dick with an electric cattle prod.
Liam Gallagher (@liamgallagher) Noels out of the fucking country weren't we all, love get on a fucking plane and play your tunes for the kids you sad fuck
"Before we begin, let's get this out of the way: Your vagina is supposed to have a smell,", despite what rude sexual partners or all those companies that make weird crotch perfumes may have told you in the past.
The views n what have you in this muthafucka is all my owns…so that, aint in no way a reflection of nobody other than myself n whatever else b.
"Simply put — it’s now popular to “hate” the F-35 Lightning II, and if you don’t,"," you’re a shill for Lockheed Martin, you’re being paid off somehow, you’re a clueless idiot, etc."
"Philippine President Rodrigo Duterte today described North Korean leader Kim Jong Un as a ""fool"" and a ""son of"," a bitch"", just days before Manila hosts an international meeting certain to address Pyongyang's long-range missile tests."
"Three 6 Mafia member Gangsta Boo took aim at the ""stupid ass"," clowns"" who are stealing her crew's sound on Twitter Saturday."
"Otherwise, honestly, it just feels like my ass crack is on show and that my vagina might just pop out to say “hi”",". I never, ever buy my jeans IRL because the likelihood of a chain store stocking my size is just, well, lol bye."
"I have a butt, I have boobs and I have a woman’s", curves - there is no way I’d see them go to zero.'
"One man named Guy wrote, “Stupid slag … you have no"," Second Amendment rights … the Second Amendment applies to militias, not individuals."
"“In my first book, Full Frontal Feminism, I opened by asking readers what the worst thing you could call a woman is (slut,"," bitch, whore, cunt), then what the worst thing you can call a man is (pussy, fag, sissy, girl)."
Mladić then stood up shouting “this is all lies,” and “I’ll fuck your mother”.
Kids telling Infowars they're fucking idiots is my favorite kind of," content pic.twitter.com/dRneam1BWm — Wild Geerters (@classiclib3ral) September 7, 2017"
"So, I’m starting to think she’s full", of crap and trying to pander to the left.
The effing Rick Steves piece of shit, packing cubes started to fray on me.
"Apparently, they say “fuck” 55 times, “shit” 21 times, “cunt” 2 times, “bitch” 24"," times, “asshole” 2 times, “dick” 3 times, “pussy” 3 times, and “jizz” once."
"""Come January 1st, when I am out of office, I am going to destroy your fucking industry",","" Bloomberg is alleged to have told Evgeny Freidman, CEO of New York's Taxi Club Management."
I now join him in issuing a giant Fuck, You to the people who made these slides.
College got alot bad bitches freak hoes im talkin white girls black," girls chico's — Geronimo Allison (@813MrFreakShow) August 19, 2012"
America’s newest hero fires back: “Don’t you know you fuckers are, lucky that you don’t have a sign that says something about my wife?”
"i enter a door, 3 random ass dudes standing right there, all of", them giving me large bits of info that i dont need at all.
(ANTIMEDIA Op-Ed) America’s electoral system is a fucking joke and if you didn’t," know that before, Donald Trump’s spoof presidential run should be more than enough to convince you."
"E-40”: “Little stupid ass, I don’t give a fuck, I don’t give a fuck / I don’t I"," don’t I don’t give a fuck / Bitch, I don’t give a fuck about you or anything that you do.”"
"Grisham fired back: ""You are an embarrassment to boobs everywhere.""

She responded with a sign she was wearing: ""","Sorry about your small penis issues.""

The woman would not give her name. But she did give her age: 56."
"“Before I go any further, I want y’all to do me a favor and stop listening to songs of niggas that"," pose naked on they motherfucking album cover,” Wayne told the crowd, referencing Thug’s nude pose on Tha Barter VI."
"you gonna pay for that sh*t,"" “beat"," his ass,” and “don’t vote Trump."""
"My narrow conception of a sex toy consisted of this, and only this, for much of my teenage years"," – what I imagined to be an enormous and confusing contraption, that was not going anywhere near my vagina."
Maybe you woke up and getting out of bed seemed like a massive pain in the, ass and the thought of just pulling the sheets up over your head seemed really appealing.
“I’d happily do the jail time if I could get just one solid punch in to the face of," the son of a bitch who paid for his meal at the luncheonette where my granddaughter works,” Elledge wrote."
"So I piss all in ther elike thighs out man, cock o the walk, yeah I'm the best fucken sculler you ever"," got your hot load boilin for, mamanger creep, gimme the gig, you'd be lucky if yyou had me in there."
You can only be a jackass for so, long before everyone wants to knife you.”
"The variations on the insult “you suck” — “suck it,” “suck my balls,” “suck my dick,” “cocksucker",",” and Tom’s colorful addition, “this sucks donkey balls!” — are so commonplace that it’s easy to forget where it comes from."
These fuckers should fear a Trump presidency and god willing he, will make them rue the day they decided to commit sedition.
"""I like Girls with big fat titties",", I like girls with big vagina"""
"Here’s our fucking problem: We’ve been a band for 20 fucking years, we have a lot of fucking songs, and then add my big mouth on"," top of that, and we’re going to be here all night.”

You can watch a vertical, fan-shot video of the occurrence below."
So what can you do if you’re a sissy or transgender who unfortunately has a “pancake”," butt also known as the flat butt syndrome, or maybe if you just want a bigger looking booty."
"We’re a complex breed and we love to take advantage of it, primarily because men’s dicks", control about 90 percent of their brains and we’ve self-appointed women as the superior species.
"""If ANY OF YOU believe any of this bullshit, you have found some crazy"," awesome drugs and I would like to have some of what you're having."""
Black woman at @AmericanU says students call her a “,race traitor” because she voted for #Trump.
"of affairs to point out: Hey assholes, build some"," new fucking housing, why don’t you????"
Semen Collection via Artificial Vagina Semen collection from bulls using an AV requires three people: one," to handle the teaser animal, one to control the bull and one to collect the semen."
Despite the fact that they FUCKING OVERCHARGE for all of," their products, they do put out damn fine products."
If they won't give me a piece of ass because I'm a," rowdy inattentive monk drunk, then why do they want to see me?"
One cop can be heard yelling: “You're getting the," f***ing taser,” while another shouts “Tase that motherf***er.”"
Those bitches scattered like brats when, an abuelita pulls out the switch.
"Allow me to list all the horrific medical details of Henry's vagina-falling-out that are far, far"," less puke-tastic than the phrase ""the vagina of a 13-year-old with perfect-looking labia."""
They’d probably name their articles ‘Chris Evans is a, cunt’ if they thought they could get away with it.
"“Plain and simple, if you fuck with me, I’m", going to break your leg before you get the chance to run.
"Philippines' president-elect Rodrigo Duterte (C) has previously called the pope ""a son"," of a whore"" and joked about raping an Australian missionary woman (AFP Photo/Ted Aljibe)"
"""NOW WHAT, BITCH? HOW DAT FEEL?""

SPENCE: [","wrestling Nava to the ground] ""Calm down, sir! Calm down!"""
A guy was shown getting fucked in the ass with, a strap-on dildo on Comedy Central (!)
Those who say “Dude you just need to get confident and stop being a, pussy” fail miserably in the delivery department when it comes to this topic.
I don't walk into a fucking Wallmart and ask you where the fucking cyanide is cunt,", stay the fuck out of shit that has less than nothing to do with you."
"The former Death Row Records leader went on to say, ""Bitch ass Puffy can get him a motherfucking star",", and every rat in the world say he's the one who killed Tupac, or had him shot."""
"“We don’t give a shit for the elderly in this country,","” says Krish, now in his nineties and living alone in West London."
stabble1234: electricdoc: slendersummerseve: BITCH I, WILL FUCKING CUT YOU YOU’VE ANGERED THE WRONG FANDOM
"Also, fuck all of you (looking at you,", @outmagazine) who have outed him without consent for years.
"""Bitch I'll punch Lana Del Rey right in the face twice, like Ray Rice in broad daylight in the plain"," sight of the elevator surveillance / 'Til her head is banging on the railing, then celebrate with the Ravens."""
"Despite this, you now take every opportunity to say “FUCK DADS",” because someone told you once they were dicks at house shows.
and “you stupid stupid b*tch - never denied perfectly legal back, channel to Assange who indeed had the goods on #CrookedHillary.”
I'm a rich son of a bitch and all that okay okay okay,", the new little baby bands, how do they earn a living?"
"“You take the shit bag,” he"," added, handing me a bundled up plastic baggy."
"Noah was caught on camera saying: “F**k you,", faggot” at the NBA play-offs on Sunday.
"The whole fucking world likes you, you can", deal with the few people who don’t.
I’d jump over ten nigger bitches, just to get to one white woman.
Her boobs are a fresh C and she has a small, bald pussy that you can view when you take her private.
But let me clear something up right away — when I say vagina,", I mean the canal that connects the uterus to the vulva."
I’ve often noticed people leaving comments based on the assumption that if someone who (you believe) has a penis and someone," who (you believe) has a vagina are having sex, then they must be having penis-in-vagina sex."
But it’s also a pain in the, ass for the people who design their uniforms.
"I went on an op for the organization, all I can tell you fucks about what happened is that it ended with", me playing cricket with a fat black guys balls and let me tell you the mess that was made was fucking horrible.
FUCKING BLAST DOWN THAT FUCKING DOOR AND THEN GIVE THAT, CAT A PIECE OF YOUR MIND!!!!
I want the God damn fucking flag, up every morning at fucking sunrise”.
@petethamelnyt you've successfully fucked enes how many more, kids you gonna lube up and rape?
The four were arrested on Wednesday after a video from Facebook Live surfaced of the suspects shouting “,fuck white people” and “fuck Donald Trump” as they tortured 18-year-old Austin Hilbourn.
"Popular and tries to make her feel better, only for it to bite her in", the ass as she is called a ‘fat ugly bitch’ by the popular girl.
"“Soon I will write up why flay kicks towelee [sic], PMD, and everyone", else’s tool in the ass… But I think the above is a damn good start.”
THEN i will get back into the groove of making comics. prepare your ass. in the meanwhile, i have bene plotting out the rest of this chapter loosely and preparing for the next book. additionally...
"The vile, racist rant, tweeted by user @angeIsleftfoot, read: 'Welbeck is dead"," to me, the f****** c***…’"
"Don’t know if you’ve seen the shit I’ve been sharing on Facebook, but", it’s a lot of stuff about science and how fucking epically motherbitching sick it is.
Lucky for Mason the guard is a total fucking moron, and allows the unescorted convict to leave without any problems.
"When a friend pointed out that Alan's gesture was making him ""look like an"," idiot,"" Tuohy concurred: ""Like lol someone's not over my momma!"""
"""I tried fucking him in the ass,", and now he's gossiping like a schoolgirl.
This shit is frozen AND I'M STARTING TO PANIC BECAUSE IT'S A," SCARY MESSAGE! — Amber Lee (@blamberr) March 30, 2015"
"The video begins a few seconds after he shouted ""stupid n-gger",""" at the group, who departed at 1st Avenue, Pyne said."
"Artiles also called one of his colleagues a ""f---ing asshole,"" a ""bitch",""" and a ""girl,"" the two state senators speaking to Artiles told the Herald."
"You are leftist scum are going to bash white suprecmacy, you need to also"," cal lout black supremicsts like Wes Bellamy, the Vice Mayor of the Charlottesville."
+ stubborn rebellion against the weather—fuck," you weather, you don’t own me—"
It's because he sent me a dildo with, a weird yellow handle in the post last week.
"My boobs have been called Baps, Sugar Tits/","Sour Tits, depending on the mood I'm in."
"Seriously, I knew y’all “socialist” types were a bunch of chickenshit, wet-blanket",", effeminate, precious-snowflake cowards but DAMN, I didn’t realize y’all were THAT bad."
I'm more furious at the cops for not giving a," shit than The Situation nearly killing me with a bat."""
"I've tried lots of weird looking sex toys in my day, but the clit pump - which is", an electronic sucking device that cups over the clitoris to engorge it with blood - looks kind of scary.
"Lyrical gems include “I could kill a bitch man, I’m so fucking crazy” and", the oh-so-catchy hook “all the dudes wiggle your dicks for Brooke Candy.”
But fuck thinking everything’s gonna be peachy once all the gay, white dudes in New York can kiss in front of a preacher.
"Women naked from texas city, pussy pic of sexy girl"," angola lady pussy vidoe, naked girls in pico rivera."
He did shout “Fucking spastic!” – which I suppose means, he fine-tuned his abuse to include a repellent reference to impairment.
"A few minutes after the man sat down, he “pulled his penis out"," of his pants and began to masturbate,” according to a police report."
God damn son of a bitch I could,n’t get it out Finally got it out
If there’s two things I like it’s huge natural tits and, redheads and it just so happens that the stunning Alexsis Faye has both.
This one is for my bitches with a fat," ass in the f**kin’ club,” ."
"Chants included “Fuck the frats,” “Smash rape culture,","” “Kill Rapists,” and “We’ll be back.”"
"That is the Tagalog phrase for ""son of a"," bitch"" or ""son of a whore."""
Of course hearing stupid shitheads espouse opinions like “I hate men” and “fuck white, people” shouldn’t cause men and white people to stop being opposed to sexism and racism.
"You're an incompetent asshole, as made evident by your"," lack of social success, but an asshole you are."
"It’s called “Grab Em By Da Pussy,” and as its title suggests",", it primarily features audio that surfaced yesterday of Trump’s 2005 conversation with Billy Bush."
fuck no… rip @BloodworthPhoto If I was, in London I'd be at XOYO tonight.
"""Jesus fucking mother of cunning god,", I really really need to go to bed.
"What the actual, high flying, dirt kicking fuck", is happening to the future of the World Rally Championship?
"Pettiness, infighting and leaks ended with Jigga literally yelling, “I don’t need", that nigga” to a Madison Square Garden crowd and finishing the tour sans Kellz.
And I doubt he's man enough to call any of those players a son of," a bitch to their face... — Chris Paul (@CP3) September 23, 2017"
WE CANNOT SIT AT HOME WHILE THEY ROB OUR NATION – YOUR NEIGHBORS HEALTH CARE – FOR THE FUCKING," MERCERS AND KOCH BROTHERS – FUCK THEM – RISE UP — ROSIE (@Rosie) December 20, 2017"
"So I'm gonna say its germane because, shit, it's Sunday, and sentries"," are a treasured friend/loathsome foe in Team Fortress 2, Perfect Dark, and other games."
"Not that that would bother HackneyWhacko, who tells one inquiring punter that they can ""can stick your dick in"," the mashed potato"" for all he cares. ®

Thanks to Paul M and John C for the tip"
‘We’re sick of all the f***ing fags," in the neighborhood,’ cops allegedly told gay man"
Racist racist racist racist racist racist… racist racist racist racist racist racist racist racist," racist racist racist, racist racist racist racist racist racist racist racist racist racist."
Why don’t y'all just come out and say ‘When them niggers over there do," it, it’s bad, but when US NATIVES DO IT, it’s totally okay"""
"""You're fucking terrible and you're [","unintelligible] bro,"" the woman says."
A man introduced into his anus, a live fish knownlocally as Piramboia.
Grohl calls singer Ricky Wilson “Mr fucking celebrity TV judge” and adds: “If I was a fucking," judge on that TV show and your band came up and played like that, you know what I would say?"
I mean it’s your life and you can damn well do whatever the Fuck you want, to do with it so why would you feel guilty for making a decision like that.
“I’m a big stupid moron with a dumb beard and I would be the worst prime minister and I," can’t even tie a shoelace,” said Mulcair at a fundraising event for Winnipeg Centre MP Pat Martin."
"He reportedly showed his penis to a colleague, bought another a sex toy with an accompanying note about how he wanted", to use it on her and had a secret button under his desk to lock his office door from the inside.
"Fuck that PG13 shit, this is rated R Woverine bitch",",” as Logan slice and dices a cholo gang."
We invented this shit and all these other, cocksuckers are getting’ rich off it.
So that’s why what’s happening right now in America is really getting under my skin: I am sick of busting, my ass doing neo-Nazi stuff only to have masked Antifa dipshits swoop in and get credit as the real fascists.
"EDITTTTTTTTT: youre seriously such an ignorant person, i take", back everything i told you because you deserve everything you get.
"She's hit with ""Nice tits"" or ""I'd"," tap that ass"" or, worse, a criminal groping."
"The White House, your f***ing White House",", your f***ing presidents, they must go!"
"""Why would a guy with a small penis put his"," name in giant letters at the top of a skyscraper?"""
If some random SJW faggots can sell their shit on etsy and retards like damian hearst can charge, millions of dollars for a shark in an aquarium and call it art then you can too.
Acronym: Bitch With Ugly Hair Who I Hate (“You know Jessica…,that BWUHWIH on the second floor who wears green all the time…” )
"When Ms Telford attempted to confront Abdulla over his actions, he told her to “","shut the f*** up” and walked off, The Shields Gazette reported."
“gosh I’m sorry that people are giving you shit just because you’re claiming, to be a guy who murdered thirteen unarmed kids in real life only thirteen years ago
"Get the fuck back over to Galway and have manners, those", Supermacs snack boxes aren’t going to eat themselves you know”.
"FUCKING probably yeah, but why the fuck do I have to write 500", words on it and “include 5 pictures from her Instagram or Snapchat”.
“I say fuck your rebel flag / You get punched in the faces,", reppin’ the racists,” echoes 2015’s “Confederate Flag.”"
Like you all legitimately thought that Nye was gonna go up there and flip hundreds of thousands of people to, legit science by reciting the exact same shit that's been said on the subject thousands upon thousands of times before.
"Maulbeck let loose a series of vitriolic tweets, calling Valve ""incompetent",""" and expressing anger at Steam's ""awful fucking monopoly."""
"But nooooooooo, instead it's my roommate stomping around", to loud as f*** dub-step.
"In an article called “Fucking White Boys”, she labeled a white guy named Sam a"," “fuck boy,” and criticizes how white men view white and non-white women differently."
"Are you sick of getting a hot girl back to your place, excited at the prospect of fucking"," her, only to come up against last minute resistance when you go to make your moves…?"
"“They may think Trevor is my least favorite, because he’s the whiny fucking baby, but Claire can be a complete"," bitch, and Jeffrey is a lazy, disgusting slob who bugs the shit out of me, too,” Kovach said."
Start by sizing the condom to your penis or the, penis of your partner to prevent slippage or breakage.
"You come to my show and fucking dance, you asshole! ... I don't put up with"," that bullshit. You people come here to have a good time and that guy can fuck off."""
The pain can be caused by penile/finger/toy entry into, the opening of the vagina or ‘deep’ thrusting during intercourse.
"“Let me tell you, that motherf***er, the one that was shot, the"," scafie guy… I mean that guy, what’s was his name, scafie?”"
"Timberland because fuck Timberland, and Infinity", just because it was so strange.
Ian is continuing his harangue: “This fucking gallery was, built on the ashes of workers of sugar and biscuits factories.
"It’s bullshit, and I’m going to tell you why it","’s bullshit, but first let me lay some context down for you."
I fuck the coconut and it actually feels pretty damn good so I blow," my load, shove the coconut under my bed and continue about my day."
“Scary ass nigga got that chain took, and then got Tupac in there fighting.
"So I fucked her, and the first time we tried to do doggystyle,", for some reason I thought you were supposed to fuck her in the ass.
"The Assbuster is too concerned with writing brilliant shit, writing"," about writing brilliant shit, and fending off basic human contact."
"HEY DUMBASS ANTI SEMITIC AND ANTI WHITE DONNA FARRAKHAN, DON’T YOU EVER FORGET", THAT YOUR SO-CALLED “GOD” ABSOLUTELY ANSWERED YOUR GODDAMN PRAYERS.
"""This veteran says sit down and shut the f*** up, you know-nothing",", never-served piece of s***. #itmfa #wtf,"" she added."
The same student also allegedly bragged that he “f*cked that boy, up the ass and stuck a Gatorade bottle in him.”
"You've probably heard me yelling ""Damn you",", Maidenform, and your barbed underwire!"""
"Hook me, flatten me, fuck me", out of my senses with your first line.
This past Saturday afternoon some shit jumped, off on the Brooklyn bound L train.
"The E train just assed me out, shit has me dumb late"," for work this morning — Happi (@manofmaany) October 21, 2015"
“Whoever wrote ‘He rediscovers love of the road’ is a fucking," imbecile,” Carolla told TheWrap of one popular-yet-defective description."
"Perhaps some overly made up, bleach blonde with gigantic breasts with", screaming orgasms so fake it’s impossible not to roll your eyes?
"“Big killa, young nigga, young fucking money","…fuck you I kill you,” she says."
coffeelottesart: Rainbow Dash says if you think rape, jokes are funny than you’re really damn gross.
"This means the words ""cunt"", ""motherfucker"" and ""","fuck"" and derivatives of these words for example ""fucking""."
"The protester ranted, “F*** white supremacy, f*","** the U.S. empire, f*** your imperialist ass lives."
"Almost to a person, the immediate reaction to the pieces seems to be, “WHAT THE"," FUCK?”, so I’m calling the series, WHAT THE %$#@?"
“I will be holding your c**k when u p*ss so you don’t, think about kissing [sic] in a tube before u go out.
"She was stacked...big beautiful DD's, thin, great ass",", fun to hang out with, liked to party...perfect."
"""Nobody knows who the f*ck you are",","" Ortiz told Lawal on Thursday."
"He looked me directly in the eye and drunkenly said, “I’m gonna shake your hand",", now go get the money you have so I can get the fuck out of here.”"
And then Robert Kraft goes and gets a fucking handy from a slave and, dammit now it’s pushed out another 2 days well here you go.
If I touch her at the opening of her vagina,", she complains of pain at the bottom of it."
"The right to call a woman a slut,", and to deploy racial slurs as he deems necessary?
"I’m Osmiridium, a shitlord from South Jersey for those of you", who want to pick me up in a panel van one day.
"You know, you’re going to have to shut up or I’m going", have you arrested…Get out of here you low-life scum!”
"What’s worse, she keeps being friends with the guy who she has betrayed (by not sucking his", dick) and has the audacity to date and copulate with OTHER DUDES who are obviously inferior to our hero.
"""My bitch don't love me no more/She kick me out I'm like vro/That bitch don't wanna be friends/I gave her dick, she got mad/She"," put her tongue on my dick/Look at my wrist, about 10/Just got a pound of that boof/Brought that shit straight to the booth/Tommy my Hilfiger voots."""
“I feel like a complete fucking, fake doing those kind of things.
"If you ever wanted to listen to Lawrence O’Donnell talk about vaginal, anal, or"," oral sex for a good few minutes, this is DEFINITELY the post for you."
"Profanities such as ""thunder cunt,"" ""fuck this shit"""," and ""cock womble"" have all been beautifully outlined with floral patterns."
If you are a radical feminist or a man-fem and you read this and you black out and," start spewing hysterical lies, I HATE FEDORA rants and other nonsense, remember, it’s all your fault."
"After crashing into the cruiser, the unhinged man twice screamed “I want to"," kill cops” and struggled with officers trying to detain him, according to sources."
men: *get grossed out by vagina, pubic hair but have no shave november*
Is our entire fucking policy on swearing based on the offended sensibilities, of half a dozen elderly cockheads with fuck all better to do?
"To be someone’s bitch is to be his or her servant or slave, to sit in the bitch seat is to sit"," in the under-sized seat in the middle of a car, to bitch slap is to strike with an open palm."
"Yet this contemptible piece of filth Grayson, …a vile, loathsome, wretched, detestable"," excuse for sentient life…, chooses to use BURNING CROSS imagery to describe the Tea Party?"
"But back to the point, bronies want to fuck", little young horses like Sweetie Belle or Apple Bloom.
"Letters, K-Font, the disgusting state of US beaches, stasis motherfucker",", 1986 Playboy, Jonathan's first phone sex experience, Seth Clips Vol."
He couldn’t keep his dick up so I started watching porn,", and the only thing that entertained me was butt sex."
"""They think if you suck pussy you","'ll suck anything,"" says Junior."
Others aren’t going to knock you on," your ass, but pack huge autumnal flavors."
lesbianqunari64: Greg fucked that We need more, quality content like this on tumblr dot com.
"If you fucking say anything to him, the assistant"," said to the other assistant, I’m dead."
Meminist shirts are just making fun of feminism because the people who wear them don’t give, a shit about women and are obviously misogynists and/or don’t actually know what feminism means.
"“It’s a stupid,", inexcusable and historically illiterate mistake.
"Crap, that’s like a whole freakin’ day of ramming"," powder, wadding & ball for a meassley xd4+whatever of damage!"
Lucy: F’ this.. -sprays him with," holy water- Power of Christ Compels ya, Bitch!"
"When she didn’t respond, he followed her down the street, screaming “you don’t"," even speak English, go back to your fucking country, I’m going to kill you.”"
"Ball so hard, motherfuckers want to impose a monetary penalty on me due to", my violation of various by-laws that I’m contractually obligated to follow.
So I can’t shit and piss all over this girl for," her overly specific, and kind of aggressive, Tinder profile."
"When she ran into the bathroom crying, he reportedly yelled, “I'm going to fuck you,"," you are going to suck my dick,” before throwing her naked into the hallway of the hotel."
"It's not much to counteract say, presidential nominees talking about grabbing women by"," their genitals, but sometimes it's best to focus on the little things."
That Iggy Azalea shit isn’t better than any fucking black girl that’s, rapping today…The Grammys are supposed to be accolades of artistic excellence.
“Either you guys are more fucked up than a soup sandwich or my beloved Marine Corps has gone," to shit,” Neller said, before spitting out some Copenhagen onto the ground in front of him."
The big greedy bastards against the big greedy bastards; the big greedy bastards against the little, greedy bastards; and some cases even the other little greedy bastards against the other little greedy bastards
"You're using your touch screen to play with a vulva character to make her orgasm,",""" says creator Tina Gong, who is currently battling to get the game accepted by Apple."
"A seriously pissed off Caleb (Tyler Blackburn), who threatens to ""beat the"," truth out of"" Mary if he has to in order to get information about Hanna."
"It's okay to fuck me up the ass for an extra $20, twist my nipples like"," you are turning on a goddamned radio station, and slobber all over and come on my tits."
Chinxy hell yeah bro just kicking back fuck off, :cryhah: christ i'm still on here
You rape our women and you’re taking over, our country and you have to go.”
ALSO WHY IT FUCKING MATTERS THAT YOU PAY, ATTENTION. — GBT ABOUT TO SPEAK.
"The Filipino president has responded by calling Obama the ""son of a"," bitch,"" and telling him to ""go to hell."""
This means that the sex counter will only really count thrusts when the," penis is horizontal, thrusting back and forth parallel to the ground."
My last boyfriend had a small penis, and I am really into this size.
"It's fucking childish."" or You need"," to grow up and be an adult."""
He even walks over to where the woman is sitting and continues spewing," insults, calling her a ""moron"" and an ""idiot""."
Holy fuck you guys gotta watch the SECOND nsfw hardcore, celebrity sex tape from big tit milf slut Farrah Abraham.
"That's much more than a fucking lemonade stand, bitch",". — Chase Coxxx (@JuicyGigolo) August 29, 2012"
"However, I KNOW for a fact that people that are not racist do not call people, “black bitches","”, “black fucking pussies”, and possibly even more worse things that were not shown on camera."
She sucks his big dick and fills, her voracious mouth with his big boner.
From the fuckass that brought you “THE VAGINA ASS OF LUCIFER NIGGERBASTARD,"” Built from fucking grade A USDA premium goddamn chrome, ROBOCUNT is Dr."
Posts 5490 5k @ 1:1 Its time to stop thinking like, a bitch and think smart like a poker player - ket
"""Get you're ass off my property before I get"," my shot gun,"" said the tourretic Nader supporter."
It’s no big revelation to say that the holidays can fucking, suck—and that being around family can be stressful as hell.
"According to a police report, Majors told the mother in March 2015: “Fuck you and I"," want to kill you”, in an incident that violated a protective order the family had against Majors."
How fucking dare you try to make, a safe space a fucking derogatory term.
"According to the CDC, it refers to the ritual when a mohel “places his mouth directly on", the newly circumcised penis and sucks blood away from the circumcision wound (direct orogenital suction).”
"Neck beards=0 , me =1, only thing is the shit is like"," Chinese steel core, so rare I'm scared to shoot it all."
"Fuck you for being a hypersensitive, grossly plump caricature of a human", being; a squirming mass of cockroaches lurking under a skinsuit veneer.
"Then, Bow Wow piled on with a tweet that was actually offensive: ""Ayo @realDonaldTrump shut your punk"," ass up talking shit about my uncle @SnoopDogg before we pimp your wife and make her work for us."""
"He was last overheard walking back to his cabin muttering,"," “oh shit, oh shit, oh shit.”"
2. MAKE SCISSORS OF SOMEONE: To masturbate a woman by simultaneously, rubbing her clitoris with the thumb and her anus with the forefinger.
Sometimes when a dick is inside me I, can’t help but think about my family.
“Y’all keep whipping me and whipping me and you never give, me any money or any way to do my damn job.
"Because many people here look at us tand say we are Nazis ( always the fucking libtards and leftists, they do", not understand that islam is no race) SAME as people look at you GUYS because you support Trump!!!!
"she’s a skanky, lying sociopathic", murderer from a family of camera hungry hicks
hm okay yeah lemme think a sec– YEAH I’M FUCKING SURE. cuz getting sexually harassed seems," to be a constant, but having the opportunity to do something about it is rare.”"
I know you need to place your legs in wide stances to give ample room to your massive testicles,", which you have inherited after generations of Darwinism have assured only the largest and best scrotum survive."
Jonah Falcon's 13.5-inch penis is longer than, your average wine bottle and about as thick.
"Later, the man yells, “What are you f—ing"," going to do, strap a bomb to your body, huh?”"
"“Plain and simple, if you f*ck with me I’m going", to break your legs before you even get a chance to run.
"Imagine, if you would, if a penis were internal: the clitoris"," as a whole is about the same size, internal and external combined."
"Motherfuckers was like, 'You're a white"," boy, what the fuck are you rapping for?"
"As they headed for Jackson, Dedmon reportedly shouted:", “Let’s go fuck with some niggers.”
"Unfortunately for him, Eric Andre just wanted to tear shit up, telling"," Jones, “I want you to have sex with my wife.”"
"""It is not your f***ing body, it is not", your f***ing body and you do not f***ing grab at someone.
Mark Parkinson tweeted a photo of a gigantic penis with the words," ""ALWAYS that problem in the morning..."" floating overhead."
"Takei also comes with a warning: ""If any of you motherf**kers give him s**t about it, I"," am going to come back and f**k your s**t up,"" says the ""Star Trek"" actor."
"048 Bad Blowjobs, What A Female Orgasm Feels Like Topics for this show are bad blowjobs (and how a diligent cocksucker can"," avoid giving one), as well as the plight of a woman who's not quite sure she's ever had an orgasm."
IT’S LIKE THEY FUCKING WANT THE, PATRIARCHY TO KEEP RAPING WOMYN!!
"""It is rape when someone sticks their hand into"," a vagina or rectum without permission,"" Newkirk wrote."
bitches at it - soon S1mple hitting 4 ridiculous headshots in a row followed by throwing a molly off his own face and burning to, death will be called a EU/BR molly - shitty casters or observers will be EU/BR casters and observers. etc gg :)
"She was so horny, I could see how bad she wanted to", cum which was good because there’s nothing like seeing a real orgasm.
Who the fuck is this guy how fucking dare you equate ex-muslims who are murdered," by governments for their beliefs to fucking Nazis https://t.co/C5dPO3Mdfs — مريم (@mariamjxde) August 15, 2017"
"Do you have to work to become an ignorant, close minded",", and bigoted piece buff trash, or does it come naturally?"
Description: Fuck why doesnt this fucking site, work for fucks sake i dont want a description
">""Damn… Better if a guy named Sayeed Farouk was", reporting that a guy named Christopher Hayes was the shooter.”
"Bleedin' since 11, bitch I ain't new", to this feels like a werewolf is living in my uterus
"We know already: your boss sucks, your salary sucks, your co-workers suck, your commute sucks, your"," benefits suck, heck, with so much suck in the room it’s starting to feel a little bit like you suck."
"So fuck all you hating twitter bitches, have a great time spending the rest of your"," day seething over my options and choices — Ronda Rousey (@RondaRousey) August 10, 2013"
It’s just that she is out there allegedly fuckin’ the, rockstars of her dreams and you out there fuckin’ groupies.
"The man then confronted Rodríguez with a pistol, saying, “",Today is the day I’m going to kill you.”
It made me cum even harder knowing that I was such a dirty little, slut and that I had to play with myself while others were watching.
"Joffery is still a jerk, Ned is still"," dead and, naturally, Winter is still coming."
"And so I wanted to just be like “shut the fuck up, asshole” but of course I couldn’t do that so I was just like “","yeah I know that already from googling it earlier today when you brought it up, rapists don’t usually face charges so that wasn’t particularly surprising to me."
"“I listened to Jay’s shit, that"," 4:44,” 50 said in an Instagram video."
"Nonetheless, I do know one thing well: People go ape"," shit over red velvet cake, and I aim to please."
"IN ITS MOST OBVIOUS ITERATION, FUCK", YOU IS AN ACT OF AGGRESSION.
"She stripped him, encouraged him to get on all fours and then put lubricant"," on him and began moving the dildo around his bottom area, the court heard."
"As you can imagine, the crowd went absolutely ape", shit the moment the “Ripple” bust out begins.
"Talk about a fucking narcissistic, self-absorbed, wants to get on TV and gain exposure,"," irresponsible, Grade A – CUNT

Nominated by: Boaby

Holly Brockwell deserves an almighty cunting."
"After calling the band “pussies” and congratulating them for being “officially the laziest, most pathetic, sub","-human beta males in America,” Barber-Way stops mincing words and tells Allegaeon how she really feels:"
"Genasis' ""CoCo"", he raps in an exasperated sigh: ""Tunechi, niggas do","n't appreciate you/ You've been down since day one, it meant nothing on day two."""
“I AM A HUGE FUCKING CHEAP ASSHOLE PLEASE, SHIT IN MY SOUP” is all this says.
"You throw one more piece of shit on fuckin’ stage, I’m gonna come find"," your ass, I’m gonna beat your ass, whoever the fuck you are out there."
"Also, he refers to Damon as “that dick"," from Blur,” because of course he does."
"Well, unless your fuck partner gets off on", getting scratched the hell up by sharp objects.
"As long as the motherfucking government let us keep food stamps… we gonna be good, but the"," first time this nigga pass a law talking about he taking Louisiana purchase, shit going to get ugly."
“I’m tired of this shit and I," know everybody else is tired of it, too."
"Or if you’ve got a partner, you can get your partner to insert their finger or fingers", inside your vagina in the front wall of your body in a sort of a J curve.”
You’ll recall not long ago that Johnson called Trump a “,pussy” in an attempt to start a battle of machismo.
‘Your momma named you Timothy you dumb, fuck but what do you go by?
Each and every pussy is more and," more tight and super tempting."""
Another officer was recorded screaming “bitch-ass, nigger” at Grant shortly before he was executed.
"I got some ""fucking"" awesome stick-",ems which will be used appropriately... and inappropriately.
I've lost family members due to those arseholes in the 1940s BUT if some idiot wants," to glorify them on these key-cap designs with their moronic Logo, then let him."
"It's no wonder that two years later, Wolfgang lost it, in the ""Oh shit,"," I'm on the wrong side of the Berlin Wall (and my name is Wolfgang)!"""
"I kinda lost track but fucking hell, if i was in any of their", shoes I'd be having a human BSOD every time Jaune opened his goddamn mouth.
"First of all, your boyfriend is a fucktard loser, and if he",'s the kind of guy you usually date you are in real trouble.
"In October the actor was featured in a celebrity endorsement video in which he called Trump “blatantly stupid”, “a"," punk”, “a dog”, “a pig”, “a con” and “a bullshit artist”."
"Listen real carefully you fucking shit, because I am about to lay down some serious truths, and you’re going to"," need to either pay attention or get out of the fast lane, because I have NO PATIENCE for people like you."
I know there’s a lot more to sex than putting the penis into the," vagina and ejaculating, but the rest is not always easy to define (kissing?"
"The Hair Flip says, “Fuck you, dude, I", have other things to do than care about your sad boner.”
I went to walk off and she booted me right up the, arse and I turned around and she punched me again.”
"Trump, you’re a racist and you can take your border wall and shove it up your"," ass,” Congressman Filemon Vela (D-TX) wrote in an open letter to Mr."
"Hudson published a tweet for the ages. ""hell yeah benihana up in this bitch,",""" it reads, with an attached image of some chicken cooking directly on an electric range."
"Remember, if you're going to go over there and talk shit,", be a good SB Nation citizen and do it with a sense of humor.
Bring her home to f*ck. 80000 at croke will more, that make up for the pay per view numbers.”
"The male fled the scene on a bicycle, but not before he shouted “I'll", kill you and your f****** kids” as he pedalled away.
Act 6 Act 2 Your shit is wrecked., and Act 6 Intermission 2 penis ouija Spoilers ahead!
"“Fucking dumb bitch,” the message began, then went on to", detail the manner in which Jenny Haniver should be sexually assaulted and murdered.
"This used to be a god damn community of gamers, nerds, kids that got bullied, kids that got fucked with, kids"," that resorted to the gaming world because the real world was too fucking hard, too shitty, too lonely, too sad and depressing."
“You take it in the ass and I don’t give a, f*ck what you say so you can all just go f*ck yourselves.
"""Sick fucks,"" ""fucking pigs,"" and ""rapist"," douche motherfuckers"" are just a few examples I hear over the phone."
Real Sex Dolls in pictures A sex doll (also love doll or blow up doll) is, a type of sex toy in the size and shape of a sexual partner for aid in masturbation.
That damn hunter should have pulled the trigger on that stupid ass deer and, him And his buddy big gay al could've been eating some deer god jerky
",@AnnCoulter This is his son being buried you freaking lowlife white trash"," loser. pic.twitter.com/ibhC8OiN43 — Gus Establishment™ (@Gus_802) July 29, 2016"
"“Elvis, was a hero to most, but he never meant shit to me, you see",", straight out racist that sucker was, simple and plain, motherf**k him and John Wayne…”"
"He will whip your ass real quick though, and he won’t stop", until you’re on the ground and say you’ve had enough.”
Probably thinking something as simple as “no shit” or “why the, hell do we need an article about a good player being good”.
"Shit, if you are serious at all about"," getting fit, they don’t want your money."
Lotz of thangs n' lyrics ta git tha fuck into, so let’s just jump tha fuck into dat shiznit son!
"You hear a single utterance of ""fuck"" or ""pussy,",""" and you turn your nose up at the lack of sophistication."
And you won’t even be a good whore because nobody wants to, fuck a girl with a book in front of her face.”
"“If yes, fuck you up", the ass with a poisoned broomstick cocksucker.
"He said, ‘Seventeen years I’ve been waiting to knock the shit-",eating grin off that smarmy that son-of-a-bitch!'”
Because that bitch knows that the, forces of gravity are inevitable.
my mom is talking about assassinate donald trump. watch out guy my white," suburban mother is coming for you — duck (@DuckFanAccount) November 9, 2016"
…fcucking mad hatter tea party i get it youre the fucking cheshire cat jasprose you do,nt have to go full sefl aware– okay i guess you do since youre part rose
"His attackers laugh and shout ""f*ck Donald Trump"" and"," ""f*ck white people"" as they kick and punch him."
"Dubbed Liquid ASS, it smells as expected: “butt crack,", kind of a sewer smell with a hint of dead animal.”
Trump vulgarly describing how he liked to grab women, by the genitals and force kisses on them.
Do these SHITLORDS not realize they, fucking bombed the Japanese???
"The module encouraged secondary school pupils to learn how to kiss, masturbate, touch the breasts and", genitals through clothes as well as undress each other and stroke each other's body without clothes.
Men BUILT this fucking civilization and we're, supposed to kneel before the vagina just because?
Because what the fuck kind of backwards hick-,bullshit hell hole has my mother moved me to?
"And Obama, rightly, looks like a man with a pole shoved so", far up his rectum that the glint of steel is visible behind his eyes.
"We have a nice thing going here, and if you fuck with that", you’re going to have some pretty angry young white men on your hands.
"Post shot back, saying ""bruh it sucks you're so ignorant I used to like your"," shit. how're you gonna say anything about when you've never met me?"""
Apart from its pretty damn impressive ability to make other penis-toting little men,", here are six crazy things you didn’t know your penis could do."
“Amelia Earhart wouldn’t give a fuck Amelia Earhart, would go see Das Racist all by herself.”
“Malik looked over at us at one point and said ‘I’m gon,na come over there and slap the s*** out of you.’
"I will then quit this goddamn nightmare job, and never take"," another one so long as I live, so help me God."
But I’ll be the bearer of bad news: your squat sucks," because you squat sucks, not because you haven’t done zercherfrontsafetybarbuffalobarspiderbarsplitgobletsissy squats."
"John Rocker wants you to give a shit,", because he's got a book coming out.
Somalians are some of the dumbest and, most violent niggers on the planet.
"He bought a house in nineteen-motherfuckin’-sixty-eight, and the motherfuckin",’ people moved in last year and called the cops on my father.
I’m so fucking sorry disabled people interfere with, your perfect world where we don’t exist.
"#MartinShkreli getting what looked like dog poop thrown at his face after someone yelled ""You piece"," of s**t"" Vid by @Captain_Hooks @ABC10 pic.twitter.com/zYCiVhzNdb — Frances Wang (@ABC10Frances) January 14, 2017"
"I swear [to] God I will cut you into pieces… We are coming for you, you pig",", you enemy of God,"" read a text message that Qassim showed Al Jazeera on his cell phone."
"“We didn’t even really wanna fight, because war is"," dumb, but, like, fuck Jocks, you know?"
"LePage’s widely circulated verbal attack, in which he called Democratic State Representative Drew Gattine a “little son-of-","a-bitch, socialist cocksucker,” sparked the most intense firestorm of criticism the second-term governor has seen."
The nigga did serve a nigga in the crowd at his show wit the 1, piece combo so Imma give him that credit where its due n shit namsayin.
How god damn stupid do you have to be, to get caught smoking weed during drug test season?
“Noels out of the fucking country weren't we all love get on a fucking plane," and play your tunes for the kids you sad fuck,” a subsequent tweet reads."
"“What they’re saying is, ‘Hello rapist, if you want to"," rape someone, rape someone who’s been raped before,’” he says."
"I'll pray for your desolate life""Anti: ""You r*tard",", I couldn't be any more pathetic than you."
"It’s nipples, after all, that give balance to that", tight henley you wear for the purpose of showing them off.
"First of all, you should be fucking honoredas shit to", have the opportunity to have sex with a big beautiful goddess.
You’ve got to be a complete, imbecile to believe in these Russian fairytales.
"1. Has anyone, male or female, ever put fingers or objects in"," your vagina or anus against your will, OR by using force OR threats?"
"So fellas, stop “being yourselves,” stop “being assholes",",” stop “being chivalrous,” and just start being hot."
"Bitch, you waking around with this blonde long ass hair", but you want African queens and kings in your video.”
"Normand began to read off more hateful comments, but once he got to “you ass","-kissing faggot,” MSNBC anchor Tamron Hall intervened, cutting their live coverage short."
"like, ""Fuck you, Democrats"" or ""Fuck you, Republicans"" or ""Fuck you",", Sarah Palin,"" or ""Fuck you, fill-in-the-blank."""
…THEN WHY THE HELL DO WHITE PEOPLE STILL ASSUME THAT A LONE BLACK MAN IS GONNA KILL THEM IN THEIR HOUSE WHEN IT’S ALWAYS A, FUCKING GODDAMN WHITE-ASS STRAIGHT MAN WHO GOES AND MURDERS THE FUCKING FAMILY ALONG WITH THE DOG WITH A GREAT BIG OLD GUN AND AXE COMBO.
What the fuck were you thinking getting, on stage with comedians during a roast?
"They don’t give a shit about you … it’s all about the fucking money,","” said currently enlisted military serviceman, Dylan, in a video rant posted publicly on Facebook."
This blog isn’t for white people and their white tears so stop wasting your and more importantly my time with this all, lives matter bullshit because the only way i’ll believe that lie is when my life starts mattering to the white masses.
"The third reads: “Hi you fucking filthy jews, I just wanted", to say the SS will rise again and kill all of your filthy souls.
"You groped her bottom, squeezing her", left buttock a number of times.
"“This is for the national anthem, you pieces of shit,”", Becky No. 1 can be heard saying as she throws the drink.
"then they drove back, wtf that is so", fucked! :( not happy at all right now
She eventually wakes him up so he will change the shitty music on and then he tries to have sex with her," again but falls asleep again, so she listens to the new music for a while, cries, then eventually leaves."
"Male bat bugs never use the vagina, instead piercing the female's abdomen and"," inseminating directly into the blood, where the sperm then swim to the ovaries."
I am going to fuck your girlfriend because you fed, her attention and now she views you as a friend.
She continued: “The woman began calling me a ‘,"nasty little whore,’ and a ‘slut’."
"One of the gimmick account’s owners tweeted that @fuckeveryword was being investigated for tweeting “fuck jews,",” which was flagged for violating Twitter’s hateful conduct policy “and/or the laws of the UK.”
"“Oh, you fucking know, those shit-eating teenagers gonna", have mom and dad dropping ’em off and picking up over and over.
"At Digg I was called a “damn fool”, “dumbass” (for", some reason that guy thought I believed RC referred to Plasma) (?!)
Well he also had four dicksIf you took off his bootYou'd see the dicks growing off his feetI heard that motherfucker had, like thirty god damn dicksHe once held an opponent's wife's handIn a jar of acid at a partyLyrics Source: RedBullDiary
Then “sit on your fucking hands while they use it …, and don’t be an asshole when you get feedback.”
"(Big Ass Giant Fucking Swords, Hell Yeah Bro!!","!, meanwhile, is still a bridge too far.)"
"When Thomas was read her Miranda rights by a Monroe Police Department officer, she stated that her boyfriend was a “bitch,","” adding that he “got in her face so she beat his ass,” according to a May 16 probable cause affidavit."
Fuck This is Why You’re Fat and Shit My Dad Says and Texts From Last Night and Dealbreakers… let’s talk about someone giving me," a book deal for my sad, pathetic memoirs entitled “Some Fucking Bullshit Ass Online Dating Shit: A Book” to be created from http://blog.kiamatthews.com/tagged/online_dating"
"<BotenAnna> then fuck you [15:46] <bep> ""let me just alienate"," people on my side"" [15:47] <bep> wait, BotenAnna = robotanna?"
What most people”the normal ones”call “sexual intercourse” or “coitus” or simply “fucking” is derisively referred to as “,PIV” by a very small and hyper-insane group of sideshow freaks in the big queefing circus tent that is modern feminism.
“Not even talkin’ to Nicki / Communication is breakin’ / I dropped the," ball on some personal shit, I need to embrace it / I’m honest."
"F**k your f***ing Constitution, f**k your", liberal Bernie bullsh**.”
“So if you grab a woman by the," genitals, that’s not sexual assault?”"
"But since he can't, allow me: Dear you little shit, I'm sure you're busy with your new"," letter explaining astrophysics to Stephen Hawking and giving jump shot pointers to Steph Curry, but try to get a clue."""
"He’s a big, bad, ghetto, no-bullshit, in","-yo’-face, tough guy that really knows how to get you pumped up."
All of your goals are stupid and you, should do what you do best…quit.
Your list is TRASH and YOU DON’T, KNOW SHIT about the Challenges.”
Jay fired back on the song “No Hook” from his new album American Gangster: “Fuck," De-Haven for cavin’, that’s why we don’t speak,” he raps."
Snakes and Ladders trains you for a really shitty life: You're sitting there doing the," same thing again and again, and things go wrong through no fault of your own."
"Quotable Lyrics

""Shirt, shirt by Versace

Bitch you better fuck sumn'

Ho, hoes wanna knock me

Bitch you better fuck sumn","'

Shirt, shirt by Versace

Bitch you better fuck sumn'

Ho, hoes wanna knock me

Bitch, you better fuck sumn'"""
"Unless they're virgin tears, in which case I'MMA", WRING THAT SHIT OUT AND MAKE SOME F***IN' POTIONS!
"It's just about Tony Abbott, the f---ing"," worm that he is,"" Labe told reporters this afternoon."
"He was also the object of an old school classic: ""I will kick"," your ass from here to kingdom come until I'm 80 years old."""
"If you can’t turn on the sound right now, the guy’s soon-to-be-former girlfriend is saying: “You liked her fucking picture"," on Instagram, you followed her on Instagram…are you fucking Vining?”, after which she delivers a much-deserved smack to the back of his head."
I’m already shaking my head and thinking “,"FUCK, this is another Sorey.”."
While watching porno films I saw women getting dick in their ass all the time and they," seemed to like it a lot, so I thought I'd give it a try."
"One message the host received read, “Fuck you n***** can’t wait to stab your neck,” while another said, “","U r a pile of rotting Dogshit,racist,communist, socialist, Liberal moron asshole,i will find u U will pay.ill see u real soon…”"
Its name was later changed from Fucking to, Fugging for an unknown reason by 1836.[
When I purchased my first anal dildo,", I can remember being overwhelmed."
"""dammit holey look like youre riding solo",""" hol said to himself, sadly hol horsing"
And don’t you fucking start with that ‘,lose to get a better draft pick’ bullshit.
"But some of you, customers that is, are total fucking"," assholes, and from time to time I will take a stand."
"What we’re talking about is the real low, scum sucking, ego","-tripping, do-anything-for-a-buck types."
"Quote mine me all you want, had the father of this child beaten this piece of shit woman", to within an inch of her life I would not have offered one scintilla of objection or condemnation.
"“I want to destroy your dick,” SJ Son whispers", into the ear of an unknown man as she walks by.
Many morons are now expecting some sort of fucking medal just for getting, to work in order to do the thing they re paid for.
Your cock will be flexing and ready to cum just, watching this beautiful teen touch her moist excited self.
The pamphlets contained phrases like “I will rape you with a lamp”, and photos of band members as “people with dicks in their mouths.”
The cabbie then drives away yelling: “,"Yeah bollocks, I hope you die.”"
"they're totally the fucking skeksis. i mean, evil, power-hungry,"," hateful. you get the point, i'm sure.so, then who are the mystics?"
"“Whores, skunk pussies, buggers,"," queens, fairies, dopers, junkies."
Their product looks like a dick and is likely, made from the most unmentionable mechanically separated animal parts.
But that’s for a reason…cause they’re are fucking insane, and pretty much one of the main things wrong with the world.
"Yes, after I have annihilated every single girl in the sorority house, I'll", take to the streets of Isla Vista and slay every single person I see there.
"It's your oh so wonderful, hairy, expressionless, sex addict, fagass, put on this world with a small d","*** PRINCIPAL I have come to myspace so I can pervert the minds of other principals to be just like me."""
This is a response to an actual publicity stunt of a letter puked out by the biggest dickbag," in recent history, Jake DeSantis, and then published by America's paper of dumb fucking record."
"That’s who was a victim here, are a bunch of",", just, disgusting homosexuals at a gay bar, okay?"
;-)Everyone who fails to see that Cook is full, of **it must be a complete idiot.
"Heckler escorted out after person yelled ""","Bill Cosby you're a rapist"""
"I am certain you agree that LDS people are a bunch of brainwashed, homophobic,"," money-obsessed, neoconservative cultists and that LDS women are nothing but robotic Stepford Wives."
"If you want to call me a bitch, call me"," a bitch, but that’s just kind of stupid.”"
"I mean, doing that shit while", you’re sober would really be embarrassing.
"Fuck, Last.fm, I just didn't leave you because of my memories, and"," I mean not memories from Last.fm strictly, but something I have because of you."
"(She has over 200, bitch!) All he does is sit on his bitter wack ass and judge playerz all day because"," he wasn't dope enough to get hired at Worldstar Hiphop.

Haterz gonna hate—nobody reads Teh Gothamoist anyway WHAAAAAT."
I'm 47 and out of fucks to give anymore.Force me into living a criminal/terrorist life and, the results will be fucking spectacular because I excel at anything and everything I put my heart and mind into.
"The song continues: “And he’s dead, dead Michael Brown / Deadest man in the", whole damn town / His whole life’s long gone / Deader than a roadkill dog.”
"“Apparently, Scottie, when Donald Trump says ‘pussy",",’ he’s referring to a baby cat.”"
"Hudson explained that he was ""masturbating in the"," parking lot and that he had a fetish."""
"They also declared, “Fuck ‘Portlandia",’” with a sign in their window.
"After being handcuffed and placed in a cruiser, Downs reportedly said, “I don’t give a"," ****, all these other bitches get to print money so I can too.”"
Morgan proceeds to suck his massive wang and get fucked all over the kitchen. The best part was when she fit, herself on the stool to get mounted and harsh fucked. Watching her guzzle down jizz was quite the treat too!
Stranger 04:14 pm im going to shit, on my keyboard and send whatever it types
"If me barf and feathering your moms tits sounds totally preposterous and idiotic to you,", just wait until I show you how totally fucking vapid and moronic your meme really is.
"Stupid is not just a big, fat,", huggable oaf who goes “duuuuh” when squeezed.
"rawdownloadcloneembedreportprint text 3.88 KB Alright you faggots, I don’t know why you’re still playing this dead game"," but I feel like if you’re going to, you might as well have something to look forward to."
But it turned out he didn’t give a," shit if people knew,” Smith said."
"Ok, first of all, how the fuck would Richard Dawkins know if any of", his schoolmates who were also molested by this creepy schoolmaster suffered “lasting damage?”
"So FUCK YEAH fat hate is everywhere, it's", built into our social structure and starts at ground zero.
people frightened and scared.This is fucking shit and out of order and to be opposed wherever it occurs.,This will not unite our class but divide it but it’s happened and we can not wish it away.
"let this be a warning, don’t fuck", with zoe or anita anymore or this list grows.
I’m going to shoot him in the penis, with a shotgun here in a second.”
"The vandals targeted five different buildings on campus, with messages like, “Fuck Joshua Martinez",” and others calling to “doxx” Recalde-Martinez and the OCC College Republicans.
"“And that’s when Hyacinthe pulled out his gun, said ‘I’m going to kill you","’, held it about three or four feet from Whiteside’s head, and pulled the trigger.”"
"Racist racist racist racist racist racist 50s, racist Southern racist racist", racist Southern Manifesto racist racist racist racist racist racist 1954.”
Our friend who owned the car passed away.. and No one wanted a punk ass 16yr old to be driving the car around that, he finished the way he wanted it before he died.. so instead of it getting picked apart in a junk yard.. crush it...
"“This is getting posted somewhere, and you’re gonna look"," like a fuckin’ tool,” the kid says to the manager."
"Indeed in Sweden the word ""fucking"" is used in a very modern way, as"," an intensifier, and in such use is left with no residue of the original procreative meaning."
"It read “Fuck Trump and Fuck You For Voting For Him,",” and that rubbed Fort Bend County Sheriff Troy Nehls the wrong way.
"X”) received a series of text messages from her attacker, including one that read “If I", raped you why didn’t you go to the hospital and get a rape kit done on you?”
Out of the fucking woodwork comes this little privileged white," girl, “Ofcourse you can attend a good college!"
This involves moving the anus to the appropriate location within the, muscles (anal sphincter) that are responsible for bowel control.
She can't put her shit on you and demand that you," conform to her ""sex with condoms = hooker"" religious cult."
"Basically, it says these women are horny as hell, and implies that", they’re getting all dolled up and strutting their stuff to snag a shag.
"A young guy looked up from his booze and roared: “You’re going to f****** die here,","” at his housemates, before muttering to himself: “I’m going to f****** die here.”"
"Then came the song's eponymous refrain -- ""Fuck"," tha police!"" -- four times in a row."
What kind of bitch ass piece of, shit man assaults a homeless woman?
My plan for getting that ass was," unclear, desolate, yet unwavering."
You must have been one hardass son of a bitch,"."" — John-117, upon finding Mobuto's body"
Subir already done fucking told some of y’all but in that instance, he chose to be far more polite than perhaps he should have been.
"Smith continued, ""f*ck them n*gers b*tchs wat you got"," on us not a dam thing so f*ck off d*cks."""
It's a Thursday night and all my mates are off their tits on, coke and shit... [we just want to] do something creative.
Vaginas are like self-cleaning ovens; an octopus’s wriggly appendages are, called arms not tentacles; and there’s no biological basis for race.
Because the admins don’t give a flying, fuck about doing something good on faceit.
‘So Fu**in’ Sorry To Hear About This Sh*t,",’: Twitter let loose on “The Mooch”"
I’ve seen this kind of argument a couple times today and it’s just not fucking worth it to saddle generations of, people with a scientifically fallacious diseased status in the hopes that they might therefore fall under the umbrella of some other protected class.
Diaosi is a meme moniker that translates to penis hair. first used in a petty forum argument (if I’m a," penis, then you’re something smaller), the word can be seen as somewhat analogous to the Japanese word Otaku."
"To me it is all about family, I don’t give"," a fuck about politics,” said the reformed hell-raiser."
"Congratulations, Jesse Watters, you're a disgusting pig as well as being"," a racist moron. https://t.co/lZbydxIV7l — John Podhoretz (@jpodhoretz) April 26, 2017"
"But, what if you look around and find out that, oh shit,", the people and society you are surrounded by do not actually share your belief system?
"Young women in our office have been called “bitch,” “slut",",” “whore,” and worse – if you can imagine."
All these bi/het radfems are now whining and trying to make you out, to be some oppressive asshole cuz they can't deal with their het guilt.
This is the most annoying fucking, thing I have ever experienced.
"On Friday, Trump called these people sons", of bitches (via the Guardian):
"Yeah, he is, but not because he has great jokes; it’s because he’s an", unabashed selfish jerk with little-to-no-regard for the well-being of others.
Do you love to shit yourself and, pretend that you’re a helpless infant?
"Seweid claimed in a Facebook post that Trump supporters yelled “Look, it’s a fucking terrorist,",” and “Get the hell out of the country” and “You don’t belong here!”
Sure.I would go and blame school and senior project or Smash or some other stupid bullshit," excuse for my absence, but I honestly was gone trying to get better at drawing and general."
"Doesn't negate he is a sexually harassing, race-baiting, fear"," mongering ass. https://t.co/DJDuisVOHe — Dane Rauschenberg (@SeeDaneRun) September 9, 2017"
"“PARTYNEXTDOOR and his crew are some bitch ass niggas. Now tell me that. Tell me what I said now?” he said,"," before adding, “Tell him to pay that fake-ass budget they’ve been pressing at night.”

The full Live Nation statement:"
He needs to feel a penis go in and out of," his vagina—you know, like all women crave."
“Trump calling a news lady ‘dumb as," rocks’ is f*cking funny,” wrote Che."
The only racists here are the piece of shit Black," Lives Matter terrorists and their supporters,” wrote Weekley."
"It’s also a play on the phrase “suck my dick,",” which is a sexist and demeaning insult when used in this context.
I got pissed off and opened my window and, found a group of kids playing grab ass.
"I’m just so fucking sick of these healthist,", sizeist bigot shitlords who don’t respect my identity.
"You loved the shit out of him, and when he was on, he was fucking GOLDEN",", but now that he's gotten a huge payout, you're kind of worried about him.is."
"""He then removed his genitals, placed them on her child","’s window and made sexual movements,"" according to police."
He brags that because he was a star he could “grab [females] by the, pussy” and claims to Bush that he starts kissing beautiful women “like a magnet.
But li’l Milo’s only good to the dumb ass that contains him – everyone, else is a threat to be violently dispatched like Taco Bell through the colon.
But if she looks like a fucking tone-deaf joke of," a demagogue instead of a victim, it doesn't really work."
"And bullshit is a dead deer, a dead car",", and the smell of gunpowder and imminent media disaster."
To those who call me a bitch no matter if I, just headshot them or if I’m having a bad round.
So I was like “I don’t have to watch Glen Beck’s entire show to know he’s full of, shit and I don’t have to read 1000 word anon comment to know this guy’s full of shit either.”
Its Chris that ugly bald Stickney, cop who gave you that ticket.
There’s about twenty drunk people and they start screaming things like “Fuck the police,",” “NYPD, KKK, how many children did you kill today?”"
"Lesbians are fat, ugly and can't get a man In"," the bigoted household of my childhood, dating women was unthinkable."
Why is it OK for my despicable piece of shit father to get drunk and slap my butt telling me I should loose some of that “,blubber” to get a job since I couldn’t do so well in college (I DIDN’T CHOOSE TO HAVE ADHD YOU ASSHOLE!!!)
"In one video clip, LaBeouf can be seen calling the bartender a “","racist bitch” and telling him, “You f—ed up.”"
"However the basic rules of life still apply, don’t be an"," idiot, respect your friends privacy and don’t be a jackass."
"Of course HOLY SHIT WINDSTORM 2007!!! did manage knock out power at my house, which left me without access to online porn", for an hour or so. Fortunately I have a copy of the 1977 Sears Catalog in our emergency kit for just such a contingency.
“As I’m standing there waiting in line this piece of shit puts, his arm on my shoulder and says ‘Hey women wear skirts.’
You fucking film yourself doing this shit and then you send us, the fucking video and we put it on the fucking internet.”
Fact 915: One method of surgical penis enlargement is to cut the, suspensory ligament that holds the root of the penis up inside the pelvis.
"2. He claimed that Travolta rubbed his legs, touched", his genitals and tried to initiate sex during a private appointment.
Girl sucks huge fat uncut cock: Young gay guys in underwear fucking Are superman cartoon porn pics, you looking girl sucks huge fat uncut cock for big fat hot nude cougars fuking gay cocks.
“Bitchs out here are whores and if they say their not there just lieing whores," [sic],” Gill posted to Facebook on the evening of November 19."
The video went viral.Which brings us to these dickhead YouTube, guys targeting random Asians on the street with their powder prank.
[13:36:25] Gana88 > fucking retard I can sell you a Cyno permit in this," system if you like, 20 million and your cyno's will no longer be shot."
"“I’d look her right in that fat, ugly"," face of hers,” says Trump to open the spot."
"My favorite show about assholes in Pennsylvania is back, and Danny", DeVito has a competitor in the funny fat man category this season!
The meatus is located on the glans penis in, males and in the vulval vestibule in females.
"It was all gone, all that boy shit, all", that screaming—we didn’t want any more.”
"""Hey, hey, get your finger out of that"," woman’s face, motherf...,"" he continued."
"For the uninitiated, Thug Kitchen's recipes are sold with phrases like ""Don't fuck around with some sorry-","ass ten-dollar takeout,"" and ""This holiday season bake a batch of these spiced sons of bitches."""
“As long as we’re voting for dumb," loudmouths, can I get an Emmy?”"
"His dirty-talk would always involve my size, meaning he would say things like “",take it you fat bitch” and make me feel ashamed of my body during sex.
I can hear the BC faithful in their shitty little Boston accents vomiting complaints about how, bad the passing game is and their right it’s the worst in the county.
"The messages — which are of a graphic nature — included ""I will bomb the new york twin towers [sic],"" ""Go back to"," cotton picking"" and ""You make me want to shoot up an elementary school;"" Cebula also threatened to rape and kill the children of his opponents."
Indoors is just full of shitty toys and stupid tv, that is all entertaining for about 15mins a day.
"She loves pussy just as much as she loves cock and you can see her licking, eating and scissoring other"," mature women on her personal website as well as taking facials, sucking cocks and fucking like a naughty milf."
“I’d like to tweet about your murder you f–king," parasite,” wrote one anonymous tweeter to Tatchell over the weekend."
But it is goddamn 2017 and y'all need, to cut it out with this racist exoticism bullshit.
"""I fucking hate how they all respond to him, including nathanias, TB, huk..."," saying FUCK REDDIT like if one comment with 14 net upvotes represent the whole reddit community."""
"After the male has ejaculated, he pulls out, and small barbs on the end of", his penis rake the vaginal walls inside the female cat which stimulates her to release an egg.
"Feminism is the shit test that MUST be passed, or Western White men", are doomed to be cucked forever by Morlocks with a stronger pimp hand.
There are three different options; small penis pendant,", medium penis pendant, and large penis pendant."
"""Break a motherfucker's table over the back of"," a couple of faggots and crack it in half."""
tinder I want to have sex with anyone. grindr I want to have sex with anyone with a penis. bang with friends I want, to have sex with anyone who went to my high school. badoo I am in an ad on the subway. okcupid I'm normal!
"My cock is achingly hard, and in that moment I", am aware of nothing else except the overwhelming desire to fuck.
"She claims Doe forcefully kissed her even after she told him she didn't want to, forced his hand down her pants and"," that she was so scared he would rape her, she agreed to give him oral sex in order to end the evening."
"Yet, I would say that my judo experience fucking ECLIPSES anything this retard", at MMA Surge knows about judo and you don't see me making videos.
"Unfortunately for us, but fortunately for you fuckwads about to"," read this review, tape we had was noisey and unwatchable."
"Sure, I bitch about the", crappy payouts artists get from streaming.
"Warning: Men, this involves a penis", being stuck in something for 48 hours.
"Even if she doesn’t have a golden pussy, if a girl"," tells you they have one, isn’t your interest immediately peaked?"
"Dear bisexuals, biphobes,"," homophobes, shopkeepers and amphibians."
"When Morgan turned them down, they retaliated by calling her names like ""fat ho, lesbian b**ch,"," c**t, etc..."" this goes on for about a month before the first assault on the bus occurs."
She said he then took his penis out of his trousers and," was ""swinging it around in a rotary helicopter motion."""
He told Daily Mail Australia: “I was saying you're an," idiot, Mum, but blow me down she was partially right.”"
"What was she wearing?”), slut shaming (“Does"," she sleep around?”), objectification, and trivializing rape."
"I’m not expecting you to know how to salsa, but rubbing your dick", against my ass definitely doesn’t make up for your lack of dancing skills.
"""He's not leading shit,",""" Terry said while speaking about Thompson."
WHY YOU GOT THAT SHIT IT DOESNT LOOK GOOD!!!!!!!,!!!!!!!!!!!!!!!!!
"He called the airport cops… No shit, I was just", detained at SFO for 30 minutes for calling someone a sissy.”
If your going to nerf a fucking item NERF, everything don't fucking target one item or two.
Slouched over all fucking South, Korean internet cafe Starcraft stylee.
"“All of you who are into drugs, you sons of bitches,"," I will really kill you,” he stated prior to the election."
"You feel like a piece of s**t, none of your friends like you, your"," parents don't like you, but you have a movie at the end."""
How would you feel if you were a girl/guy and while you were licking some guys sausage you get a, nice whiff of some anal grease and dingleberries from a soft textured turd that required about 12 wipes in the public restroom?
The only response I have for you is you’re being a, petty little turd baby and need to Shut The Fuck Up.
I tell them I don’t give a, shit because they can do what they want.
Soldier # 2: you son of bitches, go around killing children and woman all day.
She then goes onto scream “F***, off cos you f*****g knew an’ all.”
"Hold the tip of the condom and unroll it onto the erect penis, leaving space at the"," tip of the condom, yet ensuring that no air is trapped in the condom's tip."
She then adds: “I’m literally grabbing," you by your balls, do you understand this?"
“If you’re dumb enough to let me tattoo you,", I’m happy to do it,” Howard said."
"The rapper told Trump supporters, “f**",* you” in a profanity-laced freestyle.
"“Yes and fuck you donald trump – fuck u,","” O’Donnell tweeted, linking to a tweet from Podesta."
Why would u do this to me man boobs and penis on display why bleeeee why u do it Mei Wen Ti," how dare u bastards A post shared by The Super Samoan (@markhuntfighter) on Apr 27, 2017 at 4:18am PDT"
"When a woman got the last seat that this man wanted, he starts yelling “Sit"," down c**t”,” before he continues to call her a “beached whale.”"
I want to scream that America has fucked me," as a Chicano faggot, but I can’t."
"With nothing better to do, the group decided to masturbate their dried-out sin zones (“","Burn The Man”) and, like some disturbing black magic, a new Satanic movement was born."
"“Dear Bitch,” began the note,", mailed last week to the lawmaker’s Honolulu office.
We usually end up with me on top of him,", rubbing my dick against his until we both come."
Great Grandpa fondles his penis while watching Jeopardy and tells ~5-year-old me to," ""get the hell outta here"" when I ask what he's doing."
Because it takes place in fucking, China before anyone immigrated there!
"The men started swearing at me, called me", a bitch and threw a cup coffee over me.
EDIT)WHO THE HELL KEEPS PUTTING MY, SHIT IN RANDOM GAME FORUM THREADS?
"At the last conceivable moment, he yelled, “Crazy bitch,","” flipped her the bird, and then dove to the side."
"We ask about oral sex, vaginal sex",", and increasingly we ask about anal sex."
"If it goes one inch further, I’m gonna"," start killing people,” Yeager said in the video."
"The show that brought you Michael's dick, James's ass, Aaron's"," eyebrows, Adam's nipples, Jack's foot & Maggie's boobs is back."
yo momma's so fat that when roaches burrow," and walk under her, they can't unburrow!"
"Also in the video, they appeared to be saying ""f*ck Trump,"," f*ck white people,"" as they showed no mercy to the teen."
To keep this shit fair I aint gon mention, no niggas from the first time around n shit.
"""[He then] unzipped his pants, pulled out"," his penis and began stroking it until he ejaculated."""
We're fucking sick of it and so our resolution for 2014 is, to make the SFPD's life hell at any opportunity that presents itself.
"So after this shellacking, my pal John came over last night and beat the shit out", of my decks for like 8 straight rounds (this includes my main wolf deck).
"oops, scforall still has some hole in it goddamnit", all. i'll let u know when its fixed.
Lady Gaga may not have gotten this memo (“I have this weird thing that if I sleep with someone they’re going to take my," creativity from me through my vagina.” – Lady Gaga, 2010) but most people can agree that these ideas are a bit outdated."
A sex toy company created a tiny, male masturbation fort in New York City.
"Naturally, I was mortally offended, deeply hurt, and made myself look like", an *ass* by retorting with a heartily-felt f-bomb.
By that I don’t mean that I want them to boast about how big their cock is,* or many women they’ve fucked or how many times each one of those women came.
Wasting time on a vagina who you’re going," to dump anyway, is a serious waste of time"
"“You trash me, I’ll trash you, you evil cowardly lying slanderous violent pro"," liberal/labor govt fascist Nazi stealing, torturing, murdering dogs [sic].”"
"You can say gay people are going to hell, or that they make you feel icky, or that you’re"," okay with gays but not the marrying kind of gays, or that you oppose gay marriage because you just do."
He likes grabbing women by the pussy and, moving on them “like a bitch.”
"She referred to him as a “faggot,” a “sand nigga,”"," a “dick rider,” a “punjab,” and a “paki.”"
"As I recall from history 101 the Benj's was a total fucking bro, had sex"," more times than uh, uh the Death Star was destroyed but like 6x more than that."
EVERYONE. people really wanna be mad at Black people for everything and not talk about this shit. but we, have the power to be ANTI everything. lmao. suck my dick from the back if you believe that.
“Fuck the fucking cops they ant shit but fucking racist basturds an fucking," all of y’all who is racist,” Smith wrote in full context."
"I hear lots of comments about my ass, how good it looks in my shorts",", how bad it looks in my shorts, how badly “he” wants it."
"The girl, however, is slut-",shamed by a rabid chorus of total strangers.
SHAWN IS A BLACK ANTISEMITE FAGGOT AND, WHITE SEPREMESIST SLOVAK NORWEIGAN STEVEN UNIVERSE FAN
“It’s because of you little motherfuckers, that we’re out of work!”
they r coming for u dipshit and ur kids … ur days r numbered – u fool nobody – u tool –," go to hell – we r not afraid of u #TrumpTreason pic.twitter.com/JuFcawvfZw — ROSIE (@Rosie) December 2, 2017"
fucked up a fuck-up in the, summer & I spent time laying under stars
He took care of it and shit ain't gonna," happen, even if they did take it to court."
And then I invented it and I go around town fucking flogging, it and selling it everywhere and I get three a bottle.
"“Get the f*ck out of here,",” she reportedly yelled at the two women.
"Given the fact that most men love boobs, I’m not entirely sure getting another"," one is the fastest route to unattractiveness, but her attempted commitment to misandry is commendable."
“If you fuck with me I’m going to break, your legs before you get a chance to run.”
"the point of all of this is that its bullshit.

i should be able to wear a v neck to school without worrying about who is"," going to grab my boobs next, or who is going to throw a gum wrapper in them, or what girls are going to say next."
You say all bronies like masturbating to ponies because, you saw a couple of rule34 MLP stuff?
"When he F me good I take his ass to Red Lobster,","’” McCaughey said, quoting Beyoncé’s hit song “Formation.”"
Your mind is burnt with the image of us fucking before," you, blurring the dedication of my love to you."
I’d rather shove red ants up my, dickhole than sit in a cubicle all day.
"“You can cut your dick off, but you still have"," XY chromosomes, so you’ll always be a man!”"
"""I'm not gonna let this fucking"," monkey touch me unless he washes his hands."""
"“We ain’t voting for your punk ass,” the rapper says in", the video as he listens to rapper YG’s song “F*ck Donald Trump.”
"The larger of the two mollusks performs cunnilingus on her, while the smaller one",", his offspring, assists by fondling the woman's mouth and left nipple."
"""Nazi Nazi f*ck Nazi Nazi RACIST Nazi"," bigot go f*ck yourself Nazi f*ckers."""
"Yes, that’s right, Nickelodeon directs your children to a Twitter account filled with sexist talk of bleached assholes,"," incest (complete with photos), “cock,” photos of dildos, and Chick-fil-A trashing."
It is a special designation shared with other tiny penis," owners the Taliban, Boko Haram and Al Qaeda."
He went so far as to blast her publicly as a “dumb," Jew bitch” in front of co-workers, the lawsuit claims."
"I wake up every morning to abusive comments, tweets, and emails about how I’m a slut, prude",", ugly, fat, feminazi, retard, bitch, and cunt (just to name a few)."
"+1 for having an awesome gif, fuck"," Megan Fox, lol, that kid rules."
"""Damn your legislation, damn your nationality",", go to hell,"" she said."
"And he was at the back of the trailer, and just—his penis"," was out, and he sort of tried to draw me close to it."
T he new big thing on the web is all these sites with names like “I Hate France,",” with supposed datelines of French military history, supposedly proving how the French are total cowards."
Sex-positive bros who will insensitively, dry-hump you on the subway.
I know everyone will suggest that fucking a, pig is how this disease was obtained.
God damn I am sick of getting requests, to review these fucking Who Farted cans.
"Motherf*cker’s gotta have millions sticking out of his a**hole, I"," mean, you’ve gotta go to bed with that every night?"
"He created his viral hit ""The Race"" on the day he made his escape, where he rapped ""Fuck a beat, I was tryna"," beat a case/ But I ain't beat that case, bitch I did the race,"" and was captured in New Jersey on June 30."
"I’m talking about a man who eats penis, literally; this book has", the highest count of genital mutilation in a single book I’ve ever read.
"But just make sure you are not a Conservative, as then you risk being called a ‘racist bigot’ a ‘f**",**** monster’ or even a ‘f****** c***bag of a t***’.
"‘You’re an African booty scratcher,’ or, ‘You stink,","’ or, ‘You live in trees,’ or things like that."
"You know, fuck it, I will just stop playing social and trying be humble artist and", concentrate on getting better and actually making this hobby worth the time.Well what ever right?
"Later, on Thursday, HBO’s Bill Maher Tweeted, “Every asshole who ever chanted ‘",Drill baby drill’ should have to report to the Gulf coast today for cleanup duty.”
"That retarded frat game is called "" Limp Biscuit ""... which kind of", indirectly explains why the band of the same namesake is so fucking horrible.3.)
People who don’t know shit about any religion and yet act like, they do are some of the most arrogant motherfuckers on the planet.
"One such motion was a “Motion to Kiss My Ass”, in which me moved “all", Americans at large and one corrupt Judge Smith to kiss my got damn ass sorry mother fucker you.”
3) Penis shaft (admit it: you were," thinking this would be No. 1, right?)"
"“He pinches me on the ass a lot,” Couric", said during the show’s “Plead the Fifth” segment.
"Stone later erased the tweet, alongside a few other hostile tweets, including posts where he called", different ladies “fat [and] inept” and “you moronic oblivious monstrous bitch.”
He's an aspie faggot who hates women because, they found his body odor and looks disgusting.
"“F**k you, f**k all you c**ksuckers, you wont change anything",",” read a comment that has now been deleted from the WeWontFly blog."
"If you're working for wages, brothers and sisters, he couldn't give"," Shit One about you. — Stephen King (@StephenKing) September 28, 2017"
3. Garlic inserted on your vagina like a tampon will easily help with deodorising and killing, off any undesirable micro organism. do no longer forget approximately to get rid of it although!
You search those reviews for ya favorite albums n whatever whatever…but only the most prominent shit,"… n you gon see my name up there amongst the Rolling Stones n Time Magazines, b."
Now you God damned old Abolition son of a bitch God damn you I want you to send me God damn you about, one dozen good offices Good God Almighty God damn your God damned soul and three or four pretty Gals God damn you.
"Also, fuck you for not coming to my rescue", with something to help me clean up the massacre.
"The graffiti included “F**k Trump,” and “","PEST,” the latter is allegedly his tag signature."
"Fuck 'em, fuck 'em, fuck 'em, like", OG Maco said [on 'FUCKEMX3'].
“Not half as busted as your asshole if you can sit on that," thing,” I replied, hoping some humor would defuse the situation."
"The party included rubber penises, penis"," candles, penis hats and more."
"You guys are gun nuts, through and through, because I'm in a thread saying ""don't diddle your fucking kids"" and you"," can't just say ""yeah, that makes sense"" because I don't like guns so you have to disagree on everything no matter what."
Why don’t you come after me you fascist,", loofa-faced shit-gibbon!!”"
"It is conservative men, drunk on power, calling women sluts", and then rolling up their sleeves and knocking us back into place.
"She then lost her temper and turned on Mr Watfa after the man sped off, calling him a “f***ing"," b***ard”, a “f***ing foreigner” and shouting: “What kind of f***ing foreigner are you?”"
"Yes, a beat master granny and little girls spitting lines such as “We’re gunna rap about a prez who’s a sexist dick” and “An", agenda more fucked than you’re fucked up hair” along with accusations that Trump is a rapist and “love by nazis and the ka ka klan”.
"Following a six-minute round of oral and anal sex, Quijada’s partner used", one of DiGiulio’s dresses--plucked from a laundry pile--to wipe his genitals.
@occupybuf @OpFerguson fuck that I want the nypd charged for terrorizing the," black community — Jon Aime (@JohnnyAime) March 31, 2015"
Why is it more appropriate to call someone a shit," bloke in some circumstances, and a dickhead others?"
"He’s a sleazy, entitled, bigoted, egotistical, morally bankrupted, unintelligent",", unhinged, fascistic, conman that lacks any semblance of policy substance whatsoever."
"And the woman responds: ""You look like an"," idiot putting a cream patch on your chest."""
Just learn the ancient art of not giving a fuck and say, whatever shit comes into your head and you’ll get laid.”
"""F*** you, f*** me",", and f*** everybody they sent to their deaths."
At one point Haim lashed out at Feldman “You let me get fucked around in my life ..raped,", so to speak ..when I was about fourteen-and-a-half years-old.”"
I almost wish I could slap him in the face so he’d realize what a," jackass he’s making of himself, but maybe he’s just a lost cause.”"
"So, ages ago some fucker broke into my house and stole all of my"," electronics, including my laptop, my desktop, my PC and my freaking PIANO."
"""You are a slut, I'm going to kill you and I'm"," going to fix up your sister and friends who have been teaching you this."""
